{
	"parent": "quest_giver:root",
	"reputation": 15,
	"icon": "minecraft:iron_sword",
	"start": {
		"title": {
			"text": "Alors ?"
		},
		"description": {
			"text": "Je peux t'enseigner la technique de l'Arête dansante pour 20 émeraudes. Croyez-moi, ça vaut le coup !"
		}
	},
	"complete": {
		"title": {
			"text": "Merci !"
		},
		"description": {
			"text": "Excellent choix ! Bonne chance pour la suite."
		}
	},
	"tasks": [{
		"item": {
			"item": "minecraft:emerald"
		},
      "id": "quest_giver:gift",
      "times": 20
	}],
	"rewards": [{
		"command": "give @p epicfight:skillbook{skill:\"wom:dancing_blade\"}",
		"id": "quest_giver:command"
	}]
}