{
  "parent": "quest_giver:quest_0059_01b",
  "reputation": 4,
  "icon": "minecraft:cod",
  "start": {
    "title": {
      "text": "Suivi du temps"
    },
    "description": {
      "text": "Avez-vous obtenu le sablier? Je ne me souviens même plus quand je t'ai demandé de le faire. Accélère s'il te plaît."
    }
  },
  "complete": {
    "title": {
      "text": "Merci!"
    },
    "description": {
      "text": "Bon! Tiens, attends, il n'y a rien à l'intérieur. Comment l'utiliser ? Hm... pouvez-vous m'en apporter de la  $(red)poudre de redstone$()?"
    }
  },
  "tasks": [
    {
      "item": {
        "item": "supplementaries:hourglass"
      },
      "id": "quest_giver:gift",
      "times": 1
    }
  ]
}