{
  "parent": "quest_giver:quest_0112_01b",
  "reputation": 16,
  "icon": "minecraft:iron_pickaxe",
  "start": {
    "title": {
      "text": "Donc ?"
    },
    "description": {
      "text": "Pourriez-vous m'apporter un morceau de papier ? Je vais vous dessiner une carte."
    }
  },
  "complete": {
    "title": {
      "text": "Merci !"
    },
    "description": {
      "text": "Merci. La créature habite autour de cette zone. Prends soin de toi."
    }
  },
  "tasks": [
     {
      "item": {
	 "item": "minecraft:paper"
      },
      "id": "quest_giver:gift",
      "times": 1
     }
  ],
  "rewards": [
  {
      "command": "/loot give @p loot minecraft:miner2",
      "id": "quest_giver:command"
    }
  ]
}