{
  "parent": "quest_giver:quest_0110_01b",
  "reputation": 16,
  "icon": "minecraft:iron_sword",
  "start": {
    "title": {
      "text": "Rebonjour!"
    },
    "description": {
      "text": "Donnez-moi s'il vous plaît un morceau de papier pour que je puisse vous montrer où se trouve la créature."
    }
  },
  "complete": {
    "title": {
      "text": "Ici."
    },
    "description": {
      "text": "Je ne sais donc pas si c'est tout à fait exact. Quoi qu'il en soit, trouvez cette créature, tuez-la et ramenez tout ce qu'elle laisse tomber."
    }
  },
  "tasks": [
     {
      "item": {
	 "item": "minecraft:paper"
      },
      "id": "quest_giver:gift",
      "amount": 1
     }
  ],
  "rewards": [
  {
      "command": "/loot give @p loot minecraft:guard3",
      "id": "quest_giver:command"
    }
  ]
}