{
  "parent": "quest_giver:root",
  "reputation": 16,
  "icon": "minecraft:bow",
  "start": {
    "title": {
      "text": "Aidez-moi"
    },
    "description": {
      "text": "Il y a un $(red)Habitant des cavernes() résidant dans une grotte près de nous. Cette créature est extrêmement dangereuse... Nos prêtres pensent qu'un jour elle surgira d'en bas et nous massacrera tous... Pouvez-vous exterminer cette créature et me ramener une $(red)parties de ses reste$() comme preuve ?"
    }
  }
}