{
  "parent": "quest_giver:quest_0114_01b",
  "reputation": 16,
  "icon": "minecraft:iron_pickaxe",
  "start": {
    "title": {
      "text": "Donc ?"
    },
    "description": {
      "text": "Déjà oublié ? Battez le fantôme du capitaine Cornelia au corps à corps. Alors viens me voir pour réclamer ta récompense."
    }
  },
  "complete": {
    "title": {
      "text": "Merci !"
    },
    "description": {
      "text": "Fou ! Vous l'avez réellement fait ! Tenez, prenez votre récompense. Vous avez entendu que vous aimiez les diamants, n'est-ce pas ? Prends en!"
    }
  },
  "tasks": [
    {
      "entity": "ob_aquamirae:captain_cornelia",
      "id": "quest_giver:kill",
      "times": 1
    }
  ],
  "rewards": [
    {
      "item": {
        "item": "minecraft:emerald"
      },
      "id": "quest_giver:item",
      "times": 2
    },
    {
      "item": {
        "item": "minecraft:diamond"
      },
      "id": "quest_giver:item",
      "times": 4
    },
    {
      "command": "/advancement grant @p only custom:trade_oceanographer",
      "id": "quest_giver:command"
    }
  ]
}