{
  "parent": "quest_giver:root",
  "reputation": 10,
  "icon": "minecraft:paper",
  "start": {
    "title": {
      "text": "Alors ?"
    },
    "description": {
      "text": "10 émeraudes et je t'apprendrai à utiliser la table de cartographie."
    }
  },
  "complete": {
    "title": {
      "text": "Voilà."
    },
    "description": {
      "text": "Ne vous laissez pas intimider par les équipements sur la table, vous comprendrez !"
    }
  },
  "tasks": [
    {
      "item": {
        "item": "minecraft:emerald"
      },
      "id": "quest_giver:gift",
      "times": 10
    }
  ],
  "rewards": [
    {
      "command": "/pmmo admin @p add sailing level 1",
      "id": "quest_giver:command"
    }
  ]
}