{
	"parent": "quest_giver:quest_0054_01",
	"reputation": 5,
	"icon": "minecraft:wheat_seeds",
	"start": {
		"title": {
			"text": "Alors ?"
		},
		"description": {
			"text": "Faites-moi savoir si vous pouvez faire $(red)2 miches de pain$() pour nous."
		}
	},
	"complete": {
		"title": {
			"text": "Merci !"
		},
		"description": {
			"text": "Merci beaucoup! S'il vous plaît, acceptez cela, ce n'est pas beaucoup mais c'est tout ce que je pouvais me permettre pour le moment."
		}
	},
	"tasks": [{
		"item": {
			"item": "minecraft:bread"
		},
		"id": "quest_giver:gift",
		"times": 2
	}],
	"rewards": [{
			"command": "/advancement grant @p only custom:trade_farmer",
			"id": "quest_giver:command"
		},
		{
			"command": "/addreputation reputation:villager @p 2",
			"id": "quest_giver:command"
		},
		{
			"item": {
				"item": "minecraft:emerald"
			},
			"id": "quest_giver:item",
			"times": 2
		}
	]
}