{
  "parent": "quest_giver:root",
  "reputation": 10,
  "icon": "minecraft:paper",
  "start": {
    "title": {
      "text": "Déverrouiller la table de cartographie"
    },
    "description": {
      "text": "Oh... hum, d'accord. Donnez-moi 15 émeraudes et je vous apprendrai à les utiliser."
    }
  },
  "complete": {
    "title": {
      "text": "Et voilà."
    },
    "description": {
      "text": "Ne vous laissez pas intimider par les équipements sur la table, vous prendrez le coup !"
    }
  },
  "tasks": [
    {
      "item": {
        "item": "minecraft:emerald"
      },
      "id": "quest_giver:gift",
      "times": 15
    }
  ],
  "rewards": [
    {
      "command": "/pmmo admin @p add sailing level 1",
      "id": "quest_giver:command"
    }
  ]
}