{
	"parent": "quest_giver:root",
	"reputation": 15,
	"icon": "minecraft:iron_sword",
	"start": {
		"title": {
			"text": "Donc ?"
		},
		"description": {
			"text": "Je peux vous enseigner la compétence Garde d'impact pour 15 émeraudes. Qu'en dites-vous ?"
		}
	},
	"complete": {
		"title": {
			"text": "Merci !"
		},
		"description": {
			"text": "Et voilà ! Allez-y maintenant !"
		}
	},
	"tasks": [{
		"item": {
			"item": "minecraft:emerald"
		},
      "id": "quest_giver:gift",
      "times": 15
	}],
	"rewards": [{
		"command": "give @p epicfight:skillbook{skill:\"epicfight:impact_guard\"}",
		"id": "quest_giver:command"
	}]
}