{
  "parent": "quest_giver:quest_0111_01b",
  "reputation": 13,
  "icon": "minecraft:iron_sword",
  "start": {
    "title": {
      "text": "Bonjour à nouveau !"
    },
    "description": {
      "text": "Apportez-moi un morceau de papier, je vous montrerai où il se trouve sur le papier."
    }
  },
  "complete": {
    "title": {
      "text": "Voilà."
    },
    "description": {
      "text": "Ici, il est plutôt facile à repérer une fois qu'on s'en rapproche. Bonne chance et apportez-moi ce qu'il me reste."
    }
  },
  "tasks": [
     {
      "item": {
	 "item": "minecraft:paper"
      },
      "id": "quest_giver:gift",
      "amount": 1
     }
  ],
  "rewards": [
	{
		"command": "/dc addWaypoint @p quest_giver:giant_hideout \"Demande d'extermination - Le Géant\"",
		"id": "quest_giver:command"
	},  
    {
      "command": "/loot give @p loot minecraft:guard4",
      "id": "quest_giver:command"
    },
    {
      "command": "/gamestage add @p guard4 true",
      "id": "quest_giver:command"
    }
  ]
}