{
  "parent": "quest_giver:quest_0111_01",
  "reputation": 13,
  "icon": "minecraft:iron_sword",
  "start": {
    "title": {
      "text": "Alors ?"
    },
    "description": {
      "text": "Avez-vous déjà exterminé le géant ? Si c'est le cas, apportez-moi son loot."
    }
  },
  "complete": {
    "title": {
      "text": "Merci !"
    },
    "description": {
      "text": "Bon travail! C'est bien l'un de ses yeux... Voyons voir, je vais vous apprendre la compétence de combat - Demolition Leap, en guise de paiement. Cette compétence améliore grandement votre agilité pendant le combat !"
    }
  },
  "tasks": [
    {
      "item": {
        "item": "simple_mobs:giant_eye_fragment"
      },
      "id": "quest_giver:gift",
      "times": 1
    }
  ],
  "rewards": [
    {
      "command": "/give @p epicfight:skillbook{skill:\"epicfight:demolition_leap\"}",
      "id": "quest_giver:command"
    }
  ]
}