{
  "parent": "quest_giver:quest_0065_01b",
  "reputation": 7,
  "icon": "minecraft:arrow",
  "start": {
    "title": {
      "text": "Flèches à pointe"
    },
    "description": {
      "text": "Vous avez déjà oublié ? je demandais $(red)12 poudre de glowstonet$()."
    }
  },
  "complete": {
    "title": {
      "text": "Merci !"
    },
    "description": {
      "text": "Merci! Pourriez-vous prendre ces flèches en guise de paiement"
    }
  },
  "tasks": [
    {
      "item": {
        "item": "minecraft:glowstone_dust"
      },
      "id": "quest_giver:gift",
      "times": 12
    }
  ],
  "rewards": [
    {
      "command": "/addreputation reputation:villager @p 2",
      "id": "quest_giver:command"
    },
    {
      "item": {
        "item": "minecraft:arrow"
      },
      "id": "quest_giver:item",
      "times": 35
    }
  ]
}