{
  "parent": "quest_giver:root",
  "reputation": 48,
  "icon": "minecraft:stone",
  "start": {
    "title": {
      "text": "Pierres d'une autre dimension"
    },
    "description": {
      "text": "Quand tu arriveras dans l'end, n'oublie pas de m'amener une $(red)pierre de l'end$()"
    }
  },
  "complete": {
    "title": {
      "text": "Merci !"
    },
    "description": {
      "text": "hm... la qualité n'est... pas mauvaise. J'en ferai bon usage, merci !"
    }
  },
  "tasks": [
     {
      "item": {
	 "item": "minecraft:end_stone"
      },
      "id": "quest_giver:gift",
      "times": 1
     }
  ],
  "rewards": [
    {
      "command": "/advancement grant @p only custom:trade_mason",
      "id": "quest_giver:command"
    },
    {
      "command": "/addreputation reputation:villager @p 2",
      "id": "quest_giver:command"
    },
    {
      "item": {
        "item": "minecraft:emerald"
      },
      "id": "quest_giver:item",
      "times": 2
    }
  ]
}