{
	"parent": "quest_giver:root",
	"reputation": 16,
	"icon": "minecraft:iron_pickaxe",
	"start": {
		"title": {
			"text": "Cœur de dragon"
		},
		"description": "Il y a quelque temps, je suis tombé sur un mineur plutôt étrange. Il m'a offert 2 orbes spirituels contre une carte du monument océanique... Je lui ai donné la carte et j'ai obtenu ces orbes inutiles, maintenant je cherche à m'en débarrasser. Brave aventurier, pourrais-tu me rapporter le cœur d'un $(red)Dragon de glace$()? C'est inestimable pour mes recherches... Je vous laisse le temps d'y réfléchir."
	}
}