{
  "parent": "quest_giver:quest_0119_01b",
  "reputation": 16,
  "icon": "minecraft:iron_pickaxe",
  "start": {
    "title": {
      "text": "Cœur de dragon"
    },
    "description": {
      "text": "J'ai vu ces dragons de glace une fois. Des êtres terrifiants... Pourtant, leurs essences sont si majestueusement séduisantes. Je dois enquêter sur les éléments qu'il contient."
    }
  },
  "complete": {
    "title": {
      "text": "Merci !"
    },
    "description": {
      "text": "Splendide! Voici vos récompenses. Je dois maintenant commencer mes recherches."
    }
  },
  "tasks": [
    {
      "item": {
        "item": "simple_mobs:icedragon_heart"
      },
      "id": "quest_giver:gift",
      "times": 1
    }
  ],
  "rewards": [
    {
      "item": {
        "item": "paraglider:spirit_orb"
      },
      "id": "quest_giver:item",
      "times": 2
    },
    {
      "command": "/advancement grant @p only custom:trade_oceanographer",
      "id": "quest_giver:command"
    }
  ]
}