{
  "parent": "quest_giver:root",
  "reputation": 15,
  "icon": "minecraft:map",
  "start": {
    "title": {
      "text": "Une tâche impossible !"
    },
    "description": {
      "text": "Démontrez que vous êtes prêt en accomplissant deux tâches : Obtenir une chrysalide de fourmi coupeuse de feuilles, qui peut être placée sur de la terre pour créer une colonie de fourmis coupeuses de feuilles. Et construisez un château de sable pour protéger les œufs de tortue. Ensuite, et seulement ensuite, je vous remettrai cette arme."
    }
  },
  "complete": {
    "title": {
      "text": "Merci !"
    },
    "description": {
      "text": "Félicitations ! La voici. L'influence du shulk a transformé l'arme au point de la rendre méconnaissable, engloutissant entièrement sa forme d'origine."
    }
  },
  "tasks": [
    {
		"id": "afptweaks:advancement",
		"advancement": "ecologics:husbandry/sandcastle"
    },
    {
		"id": "afptweaks:advancement",
		"advancement": "alexsmobs:alexsmobs/leafcutter_ant_pupa"
    }
  ],
  "rewards": [
    {
      "item": {
        "item": "wom:moonless"
      },
      "id": "quest_giver:item",
      "times": 1
    }
  ]
}