{
  "parent": "quest_giver:quest_0033_01b",
  "reputation": 7,
  "icon": "minecraft:beef",
  "start": {
    "title": {
      "text": "Viande Exotique"
    },
    "description": {
      "text": "Vous avez la$(red) viande et peau de kangourou$()?"
    }
  },
  "complete": {
    "title": {
      "text": "Mazel Tov!"
    },
    "description": {
      "text": "Ahh... alors c'est à ça que ressemble le kangourou. Un morceau de viande tendre en effet... La peau en revanche n'est pas aussi bonne que le cuir ordinaire que nous utilisons. Un bon trophée quand même... Merci beaucoup aventurier. Je n'ai pas grand-chose à vous donner... Tenez, prenez ces tranches de boeuf. La carcasse vient d'arriver aujourd'hui donc c'est frais !"
    }
  },
  "tasks": [
    {
      "item": {
        "item": "alexsmobs:kangaroo_meat"
      },
      "id": "quest_giver:gift",
      "amount": 1
    },
    {
      "item": {
        "item": "alexsmobs:kangaroo_hide"
      },
      "id": "quest_giver:gift",
      "amount": 1
    }
  ],
  "rewards": [
    {
      "item": {
        "item": "minecraft:beef"
      },
      "id": "quest_giver:item",
      "times": 4
    },
    {
      "command": "/addreputation reputation:village @p 1",
      "id": "quest_giver:command"
    }
  ]
}