{
  "parent": "quest_giver:root",
  "reputation": 5,
  "icon": "minecraft:wooden_sword",
  "start": {
    "title": {
      "text": "Le saviez-vous ?"
    },
    "description": {
      "text": "Le saviez-vous ? Il y a de nouveaux visages dans notre dimension. Les rumeurs disent que ces hommes portent des armures fabuleuses et des épées incassables. J'ai eu l'occasion de voir certaines de leurs armures... Magnifiques, mais pas pratiques. Un bon marteau peut la briser sans problème, haha !"
    }
  }
}