{
  "parent": "quest_giver:quest_0057_01b",
  "reputation": 0,
  "icon": "minecraft:cod",
  "start": {
    "title": {
      "text": "Fabriquer une canne à pêche"
    },
    "description": {
      "text": "Avez-vous une $(red)canne à pêche$()?"
    }
  },
  "complete": {
    "title": {
      "text": "Merci !"
    },
    "description": {
      "text": "Merci, je n'ai pas grand chose à vous donner. Euh... prends cette morue, elle est fraîche."
    }
  },
  "tasks": [
    {
      "item": {
        "item": "minecraft:fishing_rod"
      },
      "id": "quest_giver:gift",
      "times": 1
    }
  ],
  "rewards": [
    {
      "command": "/addreputation reputation:villager @p 1",
      "id": "quest_giver:command"
    },
    {
      "item": {
        "item": "minecraft:cod"
      },
      "id": "quest_giver:item",
      "times": 1
    }
  ]
}