{
  "parent": "quest_giver:root",
  "reputation": 0,
  "icon": "minecraft:beef",
  "start": {
    "title": {
      "text": "Une conversation amicale"
    },
    "description": {
      "text": "Saviez-vous que la planche à découper peut être utilisée avec un couteau pour réduire la plupart des ingrédients alimentaires en ingrédients plus petits ? Cela vaut la peine d'expérimenter un peu non seulement la nourriture, mais aussi d'autres ressources telles que des bûches ou des équipements !"
    }
  }
}