{
  "parent": "quest_giver:root",
  "reputation": 10,
  "icon": "minecraft:iron_axe",
  "start": {
    "title": {
      "text": "Une offre"
    },
    "description": {
      "text": "25 émeraudes, et je t'apprendrai à manier deux épées à deux mains."
    }
  },
  "complete": {
    "title": {
      "text": "Merci !"
    },
    "description": {
      "text": "C'est agréable de faire des affaires avec toi. Attention cependant à ne pas vous casser le dos."
    }
  },
  "tasks": [
     {
      "item": {
	 "item": "minecraft:emerald"
      },
      "id": "quest_giver:gift",
      "amount": 25
     }
  ],
  "rewards": [
    {
      "command": "/give @p epicfight:skillbook{skill:"epicfight:dualgreatsword"}",
      "id": "quest_giver:command"
    }
  ]
}