{
	"parent": "quest_giver:root",
	"reputation": 15,
	"icon": "minecraft:iron_sword",
	"start": {
		"title": {
			"text": "Alors ?"
		},
		"description": {
			"text": "Je peux vous enseigner la compétence - Ender Step pour 30 émeraudes. Qu'en dites-vous ?"
		}
	},
	"complete": {
		"title": {
			"text": "Merci !"
		},
		"description": {
			"text": "Il s'agit d'une compétence transmise par des êtres légendaires, les Jumeaux. On les trouve dans l'end, c'est du moins ce que j'ai entendu dire..."
		}
	},
	"tasks": [{
		"item": {
			"item": "minecraft:emerald"
		},
      "id": "quest_giver:gift",
      "times": 30
	}],
	"rewards": [{
		"command": "give @p epicfight:skillbook{skill:\"wom:ender_step\"}",
		"id": "quest_giver:command"
	}]
}