{
  "parent": "quest_giver:root",
  "reputation": 15,
  "icon": "minecraft:ancient_debris",
  "start": {
    "title": {
      "text": "Récupération des débris"
    },
    "description": {
      "text": "Avez-vous mis la main sur un$(red)débris anciens$() ?"
    }
  },
  "complete": {
    "title": {
      "text": "Merci !"
    },
    "description": {
      "text": "C'est... c'est incroyable ! Tiens, prends mes émeraudes."
    }
  },
  "tasks": [
     {
      "item": {
	 "item": "minecraft:ancient_debris"
      },
      "id": "quest_giver:gift",
      "times": 1
     }
  ],
  "rewards": [
    {
      "command": "/advancement grant @p only custom:trade_mason",
      "id": "quest_giver:command"
    },
    {
      "command": "/addreputation reputation:villager @p 2",
      "id": "quest_giver:command"
    },
    {
      "item": {
        "item": "minecraft:emerald"
      },
      "id": "quest_giver:item",
      "times": 6
    }
  ]
}