{
  "parent": "quest_giver:quest_0014_09",
  "reputation": 10,
  "icon": "minecraft:ender_pearl",
  "start": {
    "title": {
      "text": "La fin de la route"
    },
    "description": {
      "text": "Je n'ai pas plus d'informations à te donner mon ami. Suivez votre appel."
    }
  },
  "complete": {
    "title": {
      "text": "La Fin... n'est que le Début ??"
    },
    "description": {
      "text": "Alors... vous avez vaincu le dragon. Je suppose que cela ferait de vous le nouveau souverain du royaume. Félicitations, vaillant conquérant. Vous avez fait... tout ce que vous pouviez. Maintenant, si vous voulez bien m'excuser."
    }
  },
  "tasks": [
    {
		"id": "afptweaks:advancement",
		"advancement": "minecraft:end/kill_dragon"
    }
  ],
  "rewards": [
  ]
}