{
  "parent": "quest_giver:quest_0014_08",
  "reputation": 10,
  "icon": "minecraft:iron_sword",
  "start": {
    "title": {
      "text": "La fin de la route"
    },
    "description": {
      "text": "Le géant du feu avait disparu de notre royaume il y a de nombreuses lunes. Nous avons pu extraire une mèche de ses cheveux avant qu'il ne parte. Les grands clercs ont enchanté la magie dans l'objet, ce qui devrait théoriquement vous permettre d'invoquer le géant si vous offrez l'objet à l'autel. Si jamais vous perdez le nœud de cheveux, combinez une charge de feu avec une potion de résistance au feu de base dans un stand de brassage pour réinvoquer l'objet."
    }
  },
  "complete": {
    "title": {
      "text": "La fin de la route"
    },
    "description": {
      "text": "Eh bien, je suis sans voix... C'est ça l'aventurier. Vous avez vaincu tous les porteurs d'yeux. Si vous avez déjà acquis 12 yeux, cherchez la passerelle vers l'End. Que Dieu vous accorde sa grâce."
    }
  },
  "tasks": [
    {
      "item": {
        "item": "endrem:corrupted_eye"
      },
      "id": "quest_giver:item_pickup",
      "times": 1
    }
  ],
  "rewards": [
    {
      "command": "/addreputation reputation:village @p 10",
      "id": "quest_giver:command"
    },
    {
      "item": {
        "item": "simple_mobs:giant_knot"
      },
      "id": "quest_giver:item",
      "times": 1
    }
  ]
}