{
  "parent": "quest_giver:quest_0014_04",
  "reputation": 10,
  "icon": "minecraft:iron_sword",
  "start": {
    "title": {
      "text": "Route vers les porteurs d'yeux"
    },
    "description": {
      "text": "Nous avons très peu d'informations sur l'état actuel du Knight Rober, mais il devrait être assez affaibli depuis la dernière guerre... Oh, pensez à apporter des perles de l'Ender. Il a une attaque qui ne peut être échappée que par téléportation."
    }
  },
  "complete": {
    "title": {
      "text": "Route vers les porteurs d'yeux"
    },
    "description": {
      "text": "Wow, vous avez vaincu Knight Rober hein. Était-il fort ? À l'époque, il était l'un des adversaires les plus effrayants que vous puissiez affronter en duel, devinez que son âge l'a finalement rattrapé. Eh bien, le prochain porteur d'oeil est un autre humain. Il vit actuellement paisiblement dans sa ferme... Voici la carte de son emplacement."
    }
  },
  "tasks": [
    {
      "item": {
        "item": "endrem:rogue_eye"
      },
      "id": "quest_giver:item_pickup",
      "times": 1
    }
  ],
  "rewards": [
    {
      "command": "/loot give @p loot minecraft:guildmaster3",
      "id": "quest_giver:command"
    },
    {
      "command": "/pmmo admin @p add crafting level 1",
      "id": "quest_giver:command"
    },
    {
      "command": "/pmmo admin @p add engineering level 1",
      "id": "quest_giver:command"
    }
  ]
}