{
  "parent": "quest_giver:quest_0014_06",
  "reputation": 10,
  "icon": "minecraft:iron_sword",
  "start": {
    "title": {
      "text": "Route vers les porteurs d'yeux"
    },
    "description": {
      "text": "Le prochain porte-œil est un mort-vivant. Un mort-vivant avec de nombreux tours dans son sac pour être précis... Il est entouré de ses partisans, vous pourriez donc avoir du mal à l'atteindre."
    }
  },
  "complete": {
    "title": {
      "text": "Route vers les porteurs d'yeux"
    },
    "description": {
      "text": "Le Seigneur Squelette est probablement le mort-vivant le plus puissant que j'aie jamais vu. Je suis surpris que vous soyez capable de le faire tomber. D'accord, voyons... L'œil suivant est gardé par le chevalier sentinelle. Je ne sais pas si c'est possible, même pour vous. Quoi qu'il en soit, je vais vous donner son emplacement. Procéder avec prudence."
    }
  },
  "tasks": [
    {
      "item": {
        "item": "endrem:magical_eye"
      },
      "id": "quest_giver:item_pickup",
      "times": 1
    }
  ],
  "rewards": [
    {
      "command": "/loot give @p loot minecraft:guildmaster5",
      "id": "quest_giver:command"
    }
  ]
}