{
  "parent": "quest_giver:quest_0014_01",
  "reputation": 10,
  "icon": "minecraft:compass",
  "start": {
    "title": {
      "text": "Les yeux sans surveillance"
    },
    "description": {
      "text": "Au meilleur de ma connaissance, il y a actuellement 7 yeux qui ne sont pas surveillés par des porteurs d'yeux. Ceux qui peuvent être trouvés dans les structures incluent l'oeil Maudit et l'oeil Ancien. Quant aux autres... Je pense que la plupart d'entre eux peuvent être fabriqués avec les forces vitales de notre royaume, tandis que quelques-uns ont peut-être été volés par des bosses. Les habitants des environs en savent peut-être plus que moi. Cependant, je sais que les prêtres sont actuellement en possession de l'oeil démoniaque."
    }
  },
  "complete": {
    "title": {
      "text": "Les yeux sans surveillance"
    },
    "description": {
      "text": "Je pense qu'il n'y a plus besoin de chercher les yeux ?"
    }
  },
  "tasks": [
    {
		"id": "afptweaks:advancement",
		"advancement": "minecraft:end/kill_dragon"
    }
  ],
  "rewards": [
  ]
}