{
  "parent": "quest_giver:root",
  "reputation": 10,
  "icon": "minecraft:bow",
  "start": {
    "title": {
      "text": "Donc ?"
    },
    "description": {
      "text": "Avez-vous obtenu les $(red)16 flèches$() du fléchisseur ? Je te rembourserai."
    }
  },
  "complete": {
    "title": {
      "text": "Merci !"
    },
    "description": {
      "text": "Merci! Je ne suis pas doué avec le fléchisseur local, donc c'était un peu gênant de demander. . ."
    }
  },
  "tasks": [
     {
      "item": {
	 "item": "minecraft:arrow"
      },
      "id": "quest_giver:item_stack",
      "amount": 16
     }
  ],
  "rewards": [
    {
      "item": {
        "item": "minecraft:emerald"
      },
      "id": "quest_giver:item",
      "times": 3
    },
    {
      "command": "/advancement grant @p only custom:trade_hunter",
      "id": "quest_giver:command"
    },
    {
      "command": "/addreputation reputation:village @p 1",
      "id": "quest_giver:command"
    }
  ]
}