{
  "parent": "quest_giver:quest_0035_02b",
  "reputation": 35,
  "icon": "minecraft:beef",
  "start": {
    "title": {
      "text": "Épée"
    },
    "description": {
      "text": "Eh bien, la vérité est que... Mon frère était un commerçant errant. Il aimait traverser la dimension du Nether... Même s'il savait à quel point c'était dangereux. Un jour, il est parti et... n'est jamais revenu. Il a laissé un mot nous disant qu'il allait dans un château dans le ash barrens. J'allais y aller moi-même pour savoir s'il est vraiment mort ou non, mais j'ai peur de ne jamais revenir non plus. Après tout, cela fait des mois depuis son dernier départ... Il avait un artefact appelé $(light_blue)'Épée glaciale'$(). Pensez-vous que vous pouvez aller dans ce château et voir si vous pouvez trouver cette arme ?"
    }
  }
}