{
  "parent": "quest_giver:root",
  "reputation": 0,
  "icon": "minecraft:wooden_sword",
  "start": {
    "title": {
      "text": "Super !"
    },
    "description": {
      "text": "Ils disent qu'il y a un biome dans cette dimension dans laquelle des vapeurs coulent au-dessus de l'eau de source bouillante et un brouillard magique recouvre toute la montagne. Courageux aventurier, si jamais vous rencontrez un tel endroit, n'hésitez pas à revenir me dire comment c'est vraiment !"
    }
  }
}