{
  "parent": "quest_giver:quest_0030_01b",
  "reputation": 12,
  "icon": "minecraft:iron_helmet",
  "start": {
    "title": {
      "text": "Fabrication de haut fourneau"
    },
    "description": {
      "text": "Hé. Avez-vous déjà fabriqué le haut fourneau ?"
    }
  },
  "complete": {
    "title": {
      "text": "Super !"
    },
    "description": {
      "text": "Super! Je peux certainement faire de meilleurs choses avec cette nouvelle installation. Merci!"
    }
  },
  "tasks": [
    {
      "item": {
        "item": "minecraft:blast_furnace"
      },
      "id": "quest_giver:craft",
      "times": 1
    },
    {
      "item": {
        "item": "minecraft:blast_furnace"
      },
      "id": "quest_giver:gift",
      "times": 1
    }
  ],
  "rewards": [
    {
      "command": "/advancement grant @p only custom:trade_armorer",
      "id": "quest_giver:command"
    },
    {
      "command": "/addreputation reputation:village @p 1",
      "id": "quest_giver:command"
    }
  ]
}