{
  "parent": "quest_giver:quest_0110_01b",
  "reputation": 16,
  "icon": "minecraft:iron_sword",
  "start": {
    "title": {
      "text": "Re-bonjour !"
    },
    "description": {
      "text": "S'il vous plaît, donnez-moi un morceau de papier pour que je puisse vous montrer où se trouve la créature."
    }
  },
  "complete": {
    "title": {
      "text": "Voilà."
    },
    "description": {
      "text": "C'est le clerc qui nous a fourni cette information. Je ne suis donc pas sûr que ce soit tout à fait exact. Quoi qu’il en soit, trouvez cette créature, tuez-la et ramenez tout ce qu’elle laisse tomber."
    }
  },
  "tasks": [
     {
      "item": {
	 "item": "minecraft:paper"
      },
      "id": "quest_giver:gift",
      "amount": 1
     }
  ],
  "rewards": [
	{
		"command": "/dc addWaypoint @p quest_giver:cave_dwelling \"Demande d'extermination - Habitant des cavernes\"",
		"id": "quest_giver:command"
	},
    {
      "command": "/loot give @p loot minecraft:guard3",
      "id": "quest_giver:command"
    },
    {
      "command": "/gamestage add @p guard3 true",
      "id": "quest_giver:command"
    }    
  ]
}