{
  "parent": "quest_giver:root",
  "reputation": 13,
  "icon": "minecraft:paper",
  "start": {
    "title": {
      "text": "Exploration !"
    },
    "description": {
      "text": "Fondamentalement, j'ai besoin d'aide pour déterminer à quoi ressemblent les différents biomes afin de pouvoir mieux les dessiner sur les cartes. En tant qu'aventurier, je vous ai trouvé parfait pour le poste ! Il y a 3 biomes qui m'intéressent actuellement : les falaises blanches, les sables anciens et les pics volcaniques (The white cliffs, ancient sands, and the volcanic peaks)."
    }
  }
}