{
  "parent": "quest_giver:root",
  "reputation": 28,
  "icon": "minecraft:stone",
  "start": {
    "title": {
      "text": "Pierres d'une autre dimension"
    },
    "description": {
      "text": "Avez vous la $(red)pierre lunaire$() ? Vous pouvez les trouver dans la dimension Everdawn."
    }
  },
  "complete": {
    "title": {
      "text": "Merci !"
    },
    "description": {
      "text": "Merci. La qualité est... inférieure à la moyenne. Je vais réfléchir à d'autres utilisations."
    }
  },
  "tasks": [
     {
      "item": {
	 "item": "blue_skies:lunar_stone"
      },
      "id": "quest_giver:gift",
      "times": 1
     }
  ],
  "rewards": [
    {
      "command": "/advancement grant @p only custom:trade_mason",
      "id": "quest_giver:command"
    },
    {
      "command": "/addreputation reputation:village @p 3",
      "id": "quest_giver:command"
    },
    {
      "item": {
        "item": "minecraft:emerald"
      },
      "id": "quest_giver:item",
      "times": 1
    }
  ]
}