{
	"parent": "quest_giver:quest_0035_03b",
	"reputation": 35,
	"icon": "minecraft:beef",
	"start": {
		"title": {
			"text": "Incendium"
		},
		"description": {
			"text": "$(light_blue)L'épée glaçante$(). Faites-moi savoir si vous le trouvez dans le château des landes de cendres."
		}
	},
	"complete": {
		"title": {
			"text": "Fini"
		},
		"description": {
			"text": "Alors... il est vraiment parti. Gardez l'épée. Je n'ai rien d'autre à te rembourser."
		}
	},
	"tasks": [{
		"item": {
			"item": "minecraft:diamond_sword",
			"forge:nbt": "{CustomModelData:1450003,incendium:{item:'chilling_blade'}}"
		},
		"id": "quest_giver:item_pickup",
		"times": 1
	}],
	"rewards": [{
		"command": "/addreputation reputation:village @p 3",
		"id": "quest_giver:command"
	}]
}