{
  "parent": "quest_giver:quest_0079_01b",
  "reputation": 0,
  "icon": "minecraft:white_wool",
  "start": {
    "title": {
      "text": "Demande d'extermination"
    },
    "description": {
      "text": "Veuillez terminer la tâche d'extermination dès que possible. Cela affecte mes agneaux."
    }
  },
  "complete": {
    "title": {
      "text": "Merci !"
    },
    "description": {
      "text": "Bien joué. Il en reste encore beaucoup, mais je pense que j'en vois moins maintenant. Voici votre récompense."
    }
  },
  "tasks": [
    {
      "entity": "minecraft:creeper",
      "id": "quest_giver:kill",
      "times": 6
    }
  ],
  "rewards": [
    {
      "item": {
        "item": "minecraft:emerald"
      },
      "id": "quest_giver:item",
      "times": 2
    },
    {
      "command": "/addreputation reputation:village @p 2",
      "id": "quest_giver:command"
    },
    {
      "command": "/advancement grant @p only custom:trade_shepherd",
      "id": "quest_giver:command"
    }
  ]
}