{
	"parent": "quest_giver:quest_0109_01",
	"reputation": 6,
	"icon": "minecraft:iron_sword",
	"start": {
		"title": {
			"text": "Enfant perdu"
		},
		"description": {
			"text": "Sauvez l'enfant, s'il vous plaît. Amène le chez lui."
		}
	},
	"complete": {
		"title": {
			"text": "Enfant perdu : terminé"
		},
		"description": {
			"text": "Incroyable! Vous l'avez réellement fait ! Pour être honnête, je n'étais pas optimiste quant à la survie de l'enfant... Je vais vous apprendre une nouvelle compétence - Maître de l'épée. C'est la seule façon pour moi de te rembourser."
		}
	},
	"tasks": [{
		"id": "afptweaks:follow_quest",
		"structure": "#minecraft:village"
	}],
	"rewards": [{
		"command": "/give @p epicfight:skillbook{skill:\"epicfight:swordmaster\"}",
		"id": "quest_giver:command"
	}]
}