{
  "parent": "quest_giver:quest_0109_01b",
  "reputation": 6,
  "icon": "minecraft:iron_sword",
  "start": {
    "title": {
      "text": "Rebonjour!"
    },
    "description": {
      "text": "Si vous êtes prêt à sauver l'enfant. Donnez-moi une feuille de papier, je vais vous dessiner une carte."
    }
  },
  "complete": {
    "title": {
      "text": "Ici."
    },
    "description": {
      "text": "La canaille a établi une base ici. Le gamin doit être encore avec eux... Dépêchez-vous. Ramenez-le nous !"
    }
  },
  "tasks": [
     {
      "item": {
	 "item": "minecraft:paper"
      },
      "id": "quest_giver:gift",
      "amount": 1
     }
  ],
  "rewards": [
  {
      "command": "/loot give @p loot minecraft:guard2",
      "id": "quest_giver:command"
    }
  ]
}