{
  "parent": "quest_giver:quest_0053_01",
  "reputation": 0,
  "icon": "minecraft:wheat_seeds",
  "start": {
    "title": {
      "text": "Donc ?"
    },
    "description": {
      "text": "Avez-vous les $(red)2 graines de melon$()?"
    }
  },
  "complete": {
    "title": {
      "text": "Merci !"
    },
    "description": {
      "text": "Offre-moi aussi 4 baies sucrées ! Les villageois comme moi ne peuvent pas risquer d'aller dans les bois pour les récupérer. *Vous entendez le villageois rire alors qu'il termine sa phrase.*"
    }
  },
  "tasks": [
    {
      "item": {
        "item": "minecraft:melon_seeds"
      },
      "id": "quest_giver:gift",
      "times": 2
    }
  ]
}