{
  "parent": "quest_giver:quest_0053_02",
  "reputation": 0,
  "icon": "minecraft:wheat_seeds",
  "start": {
    "title": {
      "text": "Alors ?"
    },
    "description": {
      "text": "Avez-vous les $(red)4 baies sucrées$()?"
    }
  },
  "complete": {
    "title": {
      "text": "Merci !"
    },
    "description": {
      "text": "Vous avez été formidable, jeune homme. Me rendre un autre service ? J'ai besoin de 2 betteraves... Je te promets que c'est la dernière chose que je demanderai."
    }
  },
  "tasks": [
    {
      "item": {
        "item": "minecraft:sweet_berries"
      },
      "id": "quest_giver:gift",
      "times": 4
    }
  ]
}