{
  "parent": "quest_giver:root",
  "reputation": 45,
  "icon": "minecraft:paper",
  "start": {
    "title": {
      "text": "Hors-la-loi étrangers"
    },
    "description": {
      "text": "Pouvez-vous m'apporter un morceau de papier pour moi ? Je vais vous dessiner une carte."
    }
  },
  "complete": {
    "title": {
      "text": "Ici."
    },
    "description": {
      "text": "Ici, le groupe de hors-la-loi étrangers a construit un endroit où se trouve le marqueur. Allez et tuer le chef."
    }
  },
  "tasks": [
     {
      "item": {
	 "item": "minecraft:paper"
      },
      "id": "quest_giver:gift",
      "amount": 1
     }
  ],
  "rewards": [
  {
      "command": "/loot give @p loot minecraft:cartographer1",
      "id": "quest_giver:command"
    }
  ]
}