{
	"parent": "quest_giver:quest_0046_02b",
	"reputation": 15,
	"icon": "minecraft:paper",
	"start": {
		"title": {
			"text": "Salut"
		},
		"description": {
			"text": "Il semble que vous n'ayez pas encore terminé votre contrat ou avez-vous oublié votre mission ? Apporte moi $()5 dents d'orques$() comme preuve de votre tâche d'extermination."
		}
	},
	"complete": {
		"title": {
			"text": "Bravo."
		},
		"description": {
			"text": "Bien joué. Je n'ai plus de tâche à vous confier pour le moment. Sachez simplement que le mal rôde toujours, restez vigilant."
		}
	},
	"tasks": [{
		"item": {
			"item": "orcz:orcteeth"
		},
		"id": "quest_giver:gift",
		"times": 5
	}],
	"rewards": [{
			"item": {
				"item": "minecraft:emerald"
			},
			"id": "quest_giver:item",
			"times": 2
		},
		{
			"command": "/advancement grant @p only custom:trade_cleric",
			"id": "quest_giver:command"
		},
		{
			"command": "/give @p potion{display:{Name:'[{\"text\":\"Potion de guérison\",\"italic\":false}]'},CustomPotionEffects:[{Id:6,Duration:1,Amplifier:5}]} 1",
			"id": "quest_giver:command"
		}
	]
}