{
  "parent": "quest_giver:root",
  "reputation": 10,
  "icon": "minecraft:cod",
  "start": {
    "title": {
      "text": "Donc ?"
    },
    "description": {
      "text": "10 émeraudes pour apprendre à utiliser la table d'archerie, plutôt bon marché, n'est-ce pas ?"
    }
  },
  "complete": {
    "title": {
      "text": "Merci !"
    },
    "description": {
      "text": "Voici. Amusez-vous à fabriquer des flèches !"
    }
  },
  "tasks": [
    {
      "item": {
        "item": "minecraft:emerald"
      },
      "id": "quest_giver:gift",
      "times": 10
    }
  ],
  "rewards": [
    {
      "command": "/pmmo admin @p add archery level 1",
      "id": "quest_giver:command"
    }
  ]
}