{
  "parent": "quest_giver:quest_0113_01",
  "reputation": 16,
  "icon": "minecraft:iron_pickaxe",
  "start": {
    "title": {
      "text": "Rebonjour!"
    },
    "description": {
      "text": "Avez-vous obtenu la $(red)gem$()? Vous devrez peut-être exterminer la créature pour l'obtenir."
    }
  },
  "complete": {
    "title": {
      "text": "Ici."
    },
    "description": {
      "text": "Waouh... c'est incroyable. C'est tout simplement... étonnant. J'aurai besoin de temps avec ça. Pouvez-vous m'apporter un bâton en bois ? Je pense que je pourrais peut-être te faire quelque chose de spécial."
    }
  },
  "tasks": [
     {
      "item": {
	 "item": "simple_mobs:gem_item"
      },
      "id": "quest_giver:gift",
      "times": 1
     }
  ]
}