{
  "parent": "quest_giver:quest_0112_01",
  "reputation": 16,
  "icon": "minecraft:iron_pickaxe",
  "start": {
    "title": {
      "text": "Re-bonjour !"
    },
    "description": {
      "text": "L'AS-tu fait? As-tu tué le $(red)demi-loup?$()"
    }
  },
  "complete": {
    "title": {
      "text": "Voilà."
    },
    "description": {
      "text": "Merci. Je te prendrai au mot. Je suis heureux de savoir que personne d'autre ne sera désormais victime de ces horribles monstres."
    }
  },
  "tasks": [
    {
      "entity": "simple_mobs:patronwerewolf",
      "id": "quest_giver:kill",
      "times": 1
    }
  ],
  "rewards": [
    {
      "item": {
        "item": "minecraft:emerald"
      },
      "id": "quest_giver:item",
      "times": 6
    },
    {
      "command": "/addreputation reputation:villager @p 3",
      "id": "quest_giver:command"
    },
    {
      "command": "/advancement grant @p only custom:trade_miner",
      "id": "quest_giver:command"
    }
  ]
}