{
  "parent": "quest_giver:root",
  "reputation": 16,
  "icon": "minecraft:iron_pickaxe",
  "start": {
    "title": {
      "text": "Aidez-moi"
    },
    "description": {
      "text": "Merci beaucoup... J'étais en voyage avec ma famille, jusqu'à ce que nous tombions sur ce... loup. Mais il ne s'est pas comporté comme tel. Au contraire, il se comportait plutôt comme... un homme. Il a couru vers nous dès qu'il a posé les yeux sur nous, et... eh bien, je suis le seul à m'en être sorti vivant. C'était il y a 2 ans, mais je me souviens encore de l'endroit où cela s'est passé. S'il vous plaît, exterminez cette créature. Venger ma famille."
    }
  }
}