{
  "parent": "quest_giver:quest_0111_01",
  "reputation": 13,
  "icon": "minecraft:iron_sword",
  "start": {
    "title": {
      "text": "Donc ?"
    },
    "description": {
      "text": "Avez-vous déjà exterminé l'habitant des cavernes ? Si oui, apportez-moi son loot."
    }
  },
  "complete": {
    "title": {
      "text": "Merci !"
    },
    "description": {
      "text": "Bon travail! C'est bien l'un de ses yeux... Voyons, je vais vous apprendre la compétence de combat - Garde, en guise de paiement. C'est l'une des compétences les plus importantes que l'on puisse acquérir dans cette dimension."
    }
  },
  "tasks": [
    {
      "item": {
        "item": "simple_mobs:giant_eye_fragment"
      },
      "id": "quest_giver:gift",
      "times": 1
    }
  ],
  "rewards": [
    {
      "command": "/give @p epicfight:skillbook{skill:\"epicfight:guard\"}",
      "id": "quest_giver:command"
    }
  ]
}