{
  "parent": "quest_giver:quest_0111_01b",
  "reputation": 13,
  "icon": "minecraft:iron_sword",
  "start": {
    "title": {
      "text": "Rebonjour!"
    },
    "description": {
      "text": "Apportez-moi un morceau de papier, je vous montrerai où il se trouve sur le papier."
    }
  },
  "complete": {
    "title": {
      "text": "Ici."
    },
    "description": {
      "text": "Ici, c'est plutôt facile à repérer une fois qu'on s'en approche. Bonne chance, et apportez-moi tout ce qu'il tombe."
    }
  },
  "tasks": [
     {
      "item": {
	 "item": "minecraft:paper"
      },
      "id": "quest_giver:gift",
      "amount": 1
     }
  ],
  "rewards": [
  {
      "command": "/loot give @p loot minecraft:guard4",
      "id": "quest_giver:command"
    }
  ]
}