{
  "parent": "quest_giver:quest_0001_01b",
  "reputation": 5,
  "icon": "minecraft:iron_ingot",
  "start": {
    "title": {
      "text": "Allez me chercher quelque chose !"
    },
    "description": {
      "text": "Bonjour avez-vous $(red)4 lingots de fer$() ?"
    }
  },
  "complete": {
    "title": {
      "text": "Merci !"
    },
    "description": {
      "text": "Je vous remercie ! Je vais enfin pouvoir fabriquer une armure pour ce garde ! Je n'ai rien à vous offrir pour linstant, mais je vous jure que je vous rembourserai un jour !"
    }
  },
  "tasks": [
    {
      "item": {
        "item": "minecraft:iron_ingot"
      },
      "id": "quest_giver:gift",
      "times": 4
    }
  ]
}