{
  "parent": "quest_giver:quest_0001_02b",
  "reputation": 5,
  "icon": "minecraft:iron_helmet",
  "start": {
    "title": {
      "text": "Salut !"
    },
    "description": {
      "text": "As-tu déjà pris le papier pour moi ? Je veux te dessiner une carte."
    }
  },
  "complete": {
    "title": {
      "text": "Voilà."
    },
    "description": {
      "text": "Il y a une maison infestée par ces chasseurs malades... Lun de mes bons amis a repéré leur emplacement et la indiqué sur la carte ici. Je suis sûr qu'ils ont fait des réserves de butin sur leurs ennemis... Tuez-les et récupérez leur butin. Si vous le pouvez, cherchez un collier qu'ils m'ont volé. Ils aiment cacher des choses sous la table. Essayez de le trouver, je ferai de mon mieux pour vous rembourser si vous me rendez ce collier !"
    }
  },
  "tasks": [
     {
      "item": {
	 "item": "minecraft:paper"
      },
      "id": "quest_giver:gift",
      "amount": 1
     }
  ],
  "rewards": [
    {
      "command": "/dc addWaypoint @p custom:armorer_dungeon \"Demande d'armurier\"",
      "id": "quest_giver:command"
    },  
    {
      "command": "/loot give @p loot minecraft:armorer1",
      "id": "quest_giver:command"
    },
    {
      "command": "/gamestage add @p armorer1 true",
      "id": "quest_giver:command"
    }
  ]
}