{
	"parent": "quest_giver:quest_0009_01",
	"reputation": 14,
	"icon": "minecraft:book",
	"start": {
		"title": {
			"text": "Alors ?"
		},
		"description": {
			"text": "Avez-vous eu l'occasion de rassembler les $(red)10 feuilles de papier$()?"
		}
	},
	"complete": {
		"title": {
			"text": "Merci !"
		},
		"description": {
			"text": "Merci. Je n'ai pas d'émeraudes pour vous payer pour le moment... Que diriez-vous de ceci ?"
		}
	},
	"tasks": [{
		"item": {
			"item": "minecraft:paper"
		},
		"id": "quest_giver:gift",
		"times": 10
	}],
	"rewards": [{
			"item": {
				"type": "minecraft:item_nbt",
				"item": "minecraft:enchanted_book",
				"nbt": "{StoredEnchantments:[{id:\"minecraft:mending\",lvl:1}]}"
			},
			"id": "quest_giver:item",
			"times": 1
		},
		{
			"command": "/advancement grant @p only custom:trade_librarian",
			"id": "quest_giver:command"
		},
		{
			"command": "/addreputation reputation:villager @p 1",
			"id": "quest_giver:command"
		}
	]
}