{
  "parent": "quest_giver:quest_0025_01b",
  "reputation": 10,
  "icon": "minecraft:iron_axe",
  "start": {
    "title": {
      "text": "Tâche d'extermination"
    },
    "description": {
      "text": "Tuez le Griffon, je vous paierai grassement... Mais soyez prudent, s'il vous plaît."
    }
  },
  "complete": {
    "title": {
      "text": "Merci !"
    },
    "description": {
      "text": "Oh, Dieu merci, vous êtes de retour ! Tu as été si long et les pires pensées me sont venues à l'esprit... Je suis heureux que tu ailles bien. Voici votre récompense. Merci encore."
    }
  },
  "tasks": [
    {
      "item": {
        "item": "simple_mobs:griffin_feather"
      },
      "id": "quest_giver:gift",
      "times": 1
    }
  ],
  "rewards": [
    {
      "item": {
      	"item": "minecraft:emerald"
	},
      "id": "quest_giver:item",
      "times": 5
    },
    {
      "command": "/addreputation reputation:villager @p 2",
      "id": "quest_giver:command"
    }
  ]
}