{
  "parent": "quest_giver:root",
  "reputation": 6,
  "icon": "minecraft:bow",
  "start": {
    "title": {
      "text": "Tâche d'extermination"
    },
    "description": {
      "text": "Avez-vous déjà rencontré des créatures mi-aigle, mi-cheval ? On les appelle des griffons. Ces bêtes ont pillé mes fermes d'abeilles et terrifié ma famille. Pouvez-vous m'aider à exterminer le griffon le plus proche que vous puissiez trouver dans ce village et me rapporter sa plume ? Ne vous inquiétez pas, je vous paierai grassement... Je sais que vous prenez des risques en vous attaquant à une telle créature."
    }
  }
}