{
  "parent": "quest_giver:quest_0030_01b",
  "reputation": 12,
  "icon": "minecraft:iron_helmet",
  "start": {
    "title": {
      "text": "Fabrication de hauts fourneaux"
    },
    "description": {
      "text": "Hé. Avez-vous déjà fabriqué le haut fourneau ? Assurez-vous d'en fabriquer un nouveau au lieu d'en volez d'autres !"
    }
  },
  "complete": {
    "title": {
      "text": "Bien !"
    },
    "description": {
      "text": "Super! Je peux certainement fabriquer de meilleurs équipements avec cette nouvelle installation. Merci!"
    }
  },
  "tasks": [
    {
      "item": {
        "item": "minecraft:blast_furnace"
      },
      "id": "quest_giver:craft",
      "times": 1
    },
    {
      "item": {
        "item": "minecraft:blast_furnace"
      },
      "id": "quest_giver:gift",
      "times": 1
    }
  ],
  "rewards": [
    {
      "command": "/advancement grant @p only custom:trade_armorer",
      "id": "quest_giver:command"
    },
    {
      "command": "/addreputation reputation:villager @p 2",
      "id": "quest_giver:command"
    }
  ]
}