{
  "parent": "quest_giver:root",
  "reputation": 15,
  "icon": "minecraft:map",
  "start": {
    "title": {
      "text": "Une tâche impossible !"
    },
    "description": {
      "text": "Pour obtenir cette arme, vous devez d'abord faire vos preuves en accomplissant deux tâches : Fabriquer un bloc Poltergeist et capturer un petit bloviator dans une bouteille."
    }
  },
  "complete": {
    "title": {
      "text": "Merci !"
    },
    "description": {
      "text": "Beau travail ! Voici le Gesetz et le Herrscher. Imprégnés de la puissance de l'océan, ils possèdent des capacités synergiques uniques lorsqu'ils sont utilisés en tandem."
    }
  },
  "tasks": [
    {
		"id": "afptweaks:advancement",
		"advancement": "biomemakeover:biomemakeover/poltergeist"
    },
    {
		"id": "afptweaks:advancement",
		"advancement": "cloudstorage:cloudstorage/angry_cloud_in_a_bottle"
    }
  ],
  "rewards": [
    {
      "item": {
        "item": "wom:herrscher"
      },
      "id": "quest_giver:item",
      "times": 1
    },
    {
      "item": {
        "item": "wom:gesetz"
      },
      "id": "quest_giver:item",
      "times": 1
    }
  ]
}