{
	"parent": "quest_giver:root",
	"reputation": 15,
	"icon": "minecraft:iron_sword",
	"start": {
		"title": {
			"text": "Alors ?"
		},
		"description": {
			"text": "Je peux vous apprendre la compétence - Ascension fantôme pour 25 émeraudes. Une très bonne affaire si je le dis moi-même !"
		}
	},
	"complete": {
		"title": {
			"text": "Merci !"
		},
		"description": {
			"text": "Et voilà, aventurier ! Sautez simplement deux fois pour utiliser la compétence."
		}
	},
	"tasks": [{
		"item": {
			"item": "minecraft:emerald"
		},
      "id": "quest_giver:gift",
      "times": 25
	}],
	"rewards": [{
		"command": "give @p epicfight:skillbook{skill:\"epicfight:phantom_ascent\"}",
		"id": "quest_giver:command"
	}]
}