{
  "parent": "quest_giver:quest_0074_01",
  "reputation": 4,
  "icon": "minecraft:book",
  "start": {
    "title": {
      "text": "Alors ?"
    },
    "description": {
      "text": "J'en ai besoin d'une autre $(red)spirit orbs$()."
    }
  },
  "complete": {
    "title": {
      "text": "Merci !"
    },
    "description": {
      "text": "Haha... jeune homme, tu es trop crédule. Ne faites pas confiance à quelqu'un à qui vous avez à peine parlé. Je vous rends les orbes car je me sens mal, mais rappelez-vous ceci : tout le monde n'est pas aussi gentil que moi."
    }
  },
  "tasks": [
     {
      "item": {
	 "item": "paraglider:spirit_orb"
      },
      "id": "quest_giver:gift",
      "times": 1
     }
  ],
  "rewards": [
    {
      "command": "/addreputation reputation:villager @p 2",
      "id": "quest_giver:command"
    },
    {
      "item": {
        "item": "paraglider:spirit_orb"
      },
      "id": "quest_giver:item",
      "times": 2
    },
    {
      "item": {
        "item": "minecraft:cookie"
      },
      "id": "quest_giver:item",
      "times": 1
    }
  ]
}