{
  "parent": "quest_giver:root",
  "reputation": 4,
  "icon": "minecraft:book",
  "start": {
    "title": {
      "text": "Une demande bizarre"
    },
    "description": {
      "text": "Puis-je avoir 1 de vos $(red)spirit orbs$()?"
    }
  },
  "complete": {
    "title": {
      "text": "Merci !"
    },
    "description": {
      "text": "La structure de ceci est trop compliquée... Pourriez-vous m'en donner un autre ?"
    }
  },
  "tasks": [
     {
      "item": {
	 "item": "paraglider:spirit_orb"
      },
      "id": "quest_giver:gift",
      "times": 1
     }
  ]
}