{
  "parent": "quest_giver:root",
  "reputation": 15,
  "icon": "minecraft:map",
  "start": {
    "title": {
      "text": "Une tâche impossible !"
    },
    "description": {
      "text": "Pour obtenir cette arme, vous devez d'abord faire vos preuves en accomplissant deux tâches : Compléter la quête d'une sorcière dans une cabane de sorcière, et attirer un pooka loin du reste et l'apaiser avec des carottes d'or."
    }
  },
  "complete": {
    "title": {
      "text": "Merci !"
    },
    "description": {
      "text": "Excellent travail ! Voici l'arme. Malgré sa légèreté, elle possède une létalité considérable."
    }
  },
  "tasks": [
    {
		"id": "afptweaks:advancement",
		"advancement": "habitat:husbandry/fae_whisperer"
    },
    {
		"id": "afptweaks:advancement",
		"advancement": "biomemakeover:biomemakeover/witch_quest"
    }
  ],
  "rewards": [
    {
      "item": {
        "item": "wom:satsujin"
      },
      "id": "quest_giver:item",
      "times": 1
    }
  ]
}