{
  "parent": "quest_giver:quest_0116_01b",
  "reputation": 10,
  "icon": "minecraft:iron_axe",
  "start": {
    "title": {
      "text": "Une offre"
    },
    "description": {
      "text": "4 Émeraudes, et je vais vous montrer où vous pouvez trouver les matériaux nécessaires pour invoquer Ignis."
    }
  },
  "complete": {
    "title": {
      "text": "Merci !"
    },
    "description": {
      "text": "N'invoquez pas cette abomination près de ce village. Et rappelez-vous, cette carte ne fonctionnera que si vous l’ouvrez dans le Nether. Ne me demandez pas pourquoi... je n'en ai aucune idée."
    }
  },
  "tasks": [
     {
      "item": {
	 "item": "minecraft:emerald"
      },
      "id": "quest_giver:gift",
      "amount": 4
     }
  ],
  "rewards": [
    {
      "item": {
        "item": "simple_mobs:rolled_map_2"
      },
      "id": "quest_giver:item",
      "times": 1
    },
    {
      "command": "/gamestage add @p netherian3 true",
      "id": "quest_giver:command"
    }
  ]
}