{
	"parent": "quest_giver:quest_0073_01b",
	"reputation": 8,
	"icon": "minecraft:book",
	"start": {
		"title": {
			"text": "Connaissances en foresterie"
		},
		"description": {
			"text": "Les 3 types de feuilles à récupérer sont : $(red)Dusk Leaves, Maple Leaves, Starlit Leaves$()."
		}
	},
	"complete": {
		"title": {
			"text": "Merci !"
		},
		"description": {
			"text": "C'est fascinant ! Comment se fait-il qu'il existe des traits communs chez des plantes qui poussent dans des environnements complètement différents ? Quoi qu'il en soit, voici votre récompense."
		}
	},
	"tasks": [{
			"item": {
				"item": "blue_skies:dusk_leaves"
			},
			"id": "quest_giver:gift",
			"times": 1
		},
		{
			"item": {
				"item": "blue_skies:maple_leaves"
			},
			"id": "quest_giver:gift",
			"amount": 1
		},
		{
			"item": {
				"item": "blue_skies:starlit_leaves"
			},
			"id": "quest_giver:gift",
			"amount": 1
		}
	],
	"rewards": [{
			"command": "/advancement grant @p only custom:trade_librarian",
			"id": "quest_giver:command"
		},
		{
			"command": "/addreputation reputation:village @p 3",
			"id": "quest_giver:command"
		},
		{
			"item": {
				"item": "ars_nouveau:source_gem"
			},
			"id": "quest_giver:item",
			"times": 20
		}
	]
}