{
  "parent": "quest_giver:quest_0118_01b",
  "reputation": 16,
  "icon": "minecraft:iron_pickaxe",
  "start": {
    "title": {
      "text": "Cœur de dragon"
    },
    "description": {
      "text": "Ne me demande pas pourquoi. Ça ne te regarde pas, gamin. Donne-moi juste le $(red)Coeur de dragon de feu$()."
    }
  },
  "complete": {
    "title": {
      "text": "Merci !"
    },
    "description": {
      "text": "Je savais que je pouvais compter sur toi."
    }
  },
  "tasks": [
    {
      "item": {
        "item": "simple_mobs:firedragon_heart"
      },
      "id": "quest_giver:gift",
      "times": 1
    }
  ],
  "rewards": [
    {
      "item": {
        "item": "paraglider:spirit_orb"
      },
      "id": "quest_giver:item",
      "times": 2
    },
    {
      "command": "/advancement grant @p only custom:trade_miner",
      "id": "quest_giver:command"
    },    
    {
      "command": "/addreputation reputation:villager @p 2",
      "id": "quest_giver:command"
    }
  ]
}