{
  "parent": "quest_giver:quest_0113_01b",
  "reputation": 16,
  "icon": "minecraft:iron_pickaxe",
  "start": {
    "title": {
      "text": "Alors ?"
    },
    "description": {
      "text": "Pourriez-vous me rapporter un morceau de papier ? je vais te dessiner une carte."
    }
  },
  "complete": {
    "title": {
      "text": "Merci !"
    },
    "description": {
      "text": "Veuillez vous rendre à cet endroit et essayer d'extraire les gemmes de la créature. Apportez-moi les pierres précieuses s'il vous plaît. Je ferai en sorte que cela en vaille la peine."
    }
  },
  "tasks": [
     {
      "item": {
	 "item": "minecraft:paper"
      },
      "id": "quest_giver:gift",
      "times": 1
     }
  ],
  "rewards": [
    {
      "command": "/dc addWaypoint @p custom:obsidian_spikes \"Enquêter sur la zone mentionnée par le forgeron d'armes\"",
      "id": "quest_giver:command"
    },  
    {
      "command": "/loot give @p loot minecraft:weaponsmith1",
      "id": "quest_giver:command"
    },
    {
      "command": "/gamestage add @p weaponsmith1 true",
      "id": "quest_giver:command"
    }
  ]
}