{
  "parent": "quest_giver:root",
  "reputation": 16,
  "icon": "minecraft:iron_pickaxe",
  "start": {
    "title": {
      "text": "Aidez-moi"
    },
    "description": {
      "text": "J'ai appris par des voyageurs errants qu'ils avaient repéré il y a quelque temps un monstre gigantesque avec des pointes de pierres précieuses sur le dos. On dit qu'elle était située dans une zone couverte de pointes d'obsidienne... Je suis assez curieux de connaître les gemmes que possède cette créature. Pourriez-vous me rapporter un morceau de papier ? Je vais vous montrer où c'est."
    }
  }
}