{
  "parent": "quest_giver:quest_0113_02",
  "reputation": 16,
  "icon": "minecraft:iron_pickaxe",
  "start": {
    "title": {
      "text": "Salut !"
    },
    "description": {
      "text": "Tu travaille toujours dessus ! Avez-vous déjà reçu le bâton ?"
    }
  },
  "complete": {
    "title": {
      "text": "Voilà."
    },
    "description": {
      "text": "Voici. C'est peut-être mon meilleur travail jusqu'à présent."
    }
  },
  "tasks": [
     {
      "item": {
	 "item": "minecraft:stick"
      },
      "id": "quest_giver:gift",
      "times": 1
     }
  ],
  "rewards": [
    {
      "item": {
        "item": "simple_mobs:gem_sword"
      },
      "id": "quest_giver:item",
      "times": 1
    },
    {
      "command": "/addreputation reputation:villager @p 3",
      "id": "quest_giver:command"
    }
  ]
}