{
  "parent": "quest_giver:root",
  "reputation": 0,
  "icon": "minecraft:cod",
  "start": {
    "title": {
      "text": "Fabrication de bateaux"
    },
    "description": {
      "text": "Super. Pourriez-vous m'aider à fabriquer un bateau pour la pêche ? L'acajou est généralement le meilleur type de bois, mais en termes de dimensions, nous avons le meilleur choix. - $(red)Blighted Balsa$(). Fabriquez un bateau avec ça et donnez-le-moi... J'espère qu'en tant qu'aventurier, vous avez beaucoup d'expérience dans la construction d'un bateau, n'est-ce pas ?"
    }
  }
}