{
	"parent": "quest_giver:root",
	"reputation": 16,
	"icon": "minecraft:iron_pickaxe",
	"start": {
		"title": {
			"text": "Sculk"
		},
		"description": "Pendant que j'étais en train de miner, j'ai trouvé quelque chose d'étrange dans les ardoises profondes. Des spores infestées et des cris aigus entouraient la zone. J'ai entendu dire par d'autres mineurs que ces infestations s'appellent des $(red)sculks$(), et que j'ai eu la chance de m'en sortir vivant... Cependant, je suis fasciné par les cris et les infestations. Serait-il possible que vous m'en procuriez un $(red)sculk shriekers$() provenant du Deep Dark?"
	}
}