{
	"parent": "quest_giver:root",
	"reputation": 15,
	"icon": "minecraft:iron_sword",
	"start": {
		"title": {
			"text": "Alors ?"
		},
		"description": {
			"text": "Pour que je puisse t'apprendre la compétence - Parer pour 20 émeraudes... Qu'en dis-tu ?"
		}
	},
	"complete": {
		"title": {
			"text": "Merci !"
		},
		"description": {
			"text": "Et voilà, aventurier !"
		}
	},
	"tasks": [{
		"item": {
			"item": "minecraft:emerald"
		},
      "id": "quest_giver:gift",
      "times": 20
	}],
	"rewards": [{
		"command": "give @p epicfight:skillbook{skill:\"epicfight:parrying\"}",
		"id": "quest_giver:command"
	}]
}