{
  "parent": "quest_giver:root",
  "reputation": 14,
  "icon": "minecraft:cod",
  "start": {
    "title": {
      "text": "Une demande curieuse"
    },
    "description": {
      "text": "Super. Fondamentalement, un océanographe m'a dit qu'il y a ces créatures dans la mer appelées gardiens avec des pointes qui en sortent... Je trouve cela difficile à croire car je n'ai jamais rien rencontré de tel de toute ma vie autour du littoral. Si jamais vous en croisez un et décidez de le tuer, pourriez-vous me donner un de leurs $(red)pointes$() comme preuve de leur existence ? J'ai entendu dire par l'océanographe que seul le gros laisse tomber sa pointe à la mort."
    }
  }
}