{
  "parent": "quest_giver:quest_0060_01b",
  "reputation": 0,
  "icon": "minecraft:oak_boat",
  "start": {
    "title": {
      "text": "Fabrication de bateaux"
    },
    "description": {
      "text": "N'oubliez pas que le bateau doit être fabriqué avec le matériau $(red)Blighted Balsa$()."
    }
  },
  "complete": {
    "title": {
      "text": "Merci !"
    },
    "description": {
      "text": "C'est passable, il aurait besoin d'un peu plus de travail. Mais ça ira, merci. Voici votre récompense, je pense que vous l'aimerez."
    }
  },
  "tasks": [
    {
      "item": {
        "item": "biomemakeover:blighted_balsa_boat"
      },
      "id": "quest_giver:gift",
      "times": 1
    }
  ],
  "rewards": [
    {
      "command": "/advancement grant @p only custom:trade_fisherman",
      "id": "quest_giver:command"
    },
    {
      "command": "/addreputation reputation:village @p 3",
      "id": "quest_giver:command"
    },
    {
      "item": {
        "item": "paraglider:spirit_orb"
      },
      "id": "quest_giver:item",
      "times": 1
    }
  ]
}