{
  "parent": "quest_giver:root",
  "reputation": 5,
  "icon": "minecraft:iron_axe",
  "start": {
    "title": {
      "text": "Lingot de Netherite"
    },
    "description": {
      "text": "As-tu un $(red)Lingot de Netherite$()?"
    }
  },
  "complete": {
    "title": {
      "text": "Merci !"
    },
    "description": {
      "text": "Merci. Tiens, prends des émeraudes."
    }
  },
  "tasks": [
     {
      "item": {
	 "item": "minecraft:netherite_ingot"
      },
      "id": "quest_giver:gift",
      "times": 1
     }
  ],
  "rewards": [
    {
      "item": {
        "item": "minecraft:emerald"
      },
      "id": "quest_giver:item",
      "times": 4
    },
    {
      "command": "/addreputation reputation:village @p 3",
      "id": "quest_giver:command"
    },
    {
      "command": "/advancement grant @p only custom:trade_toolsmith",
      "id": "quest_giver:command"
    }
  ]
}