{
  "parent": "quest_giver:quest_0094_01b",
  "reputation": 52,
  "icon": "minecraft:ender_pearl",
  "start": {
    "title": {
      "text": "Donc ?"
    },
    "description": {
      "text": "Reviens vers moi une fois que tu as fait le plat $(red)Ennegel Pasta$(). Je te le paierai grassement."
    }
  },
  "complete": {
    "title": {
      "text": "Merci !"
    },
    "description": {
      "text": "Cette saveur...! Tout comme la cuisine de ma mère... Merci aventurier, vous n'avez pas idée à quel point je vous en suis reconnaissant. Tiens prends ça. C'est un katana forgé avec le pouvoir de l'Ender. Je doute qu'il existe une arme plus puissante que celle-ci."
    }
  },
  "tasks": [
    {
      "item": {
        "item": "enlightened_end:ennegel_pasta"
      },
      "id": "quest_giver:gift",
      "times": 1
     }
  ],
  "rewards": [
    {
      "item": {
        "item": "scattered_weapons:darkkatana"
      },
      "id": "quest_giver:item",
      "times": 1
    }
  ]
}