{
  "parent": "quest_giver:root",
  "reputation": 4,
  "icon": "minecraft:ender_pearl",
  "start": {
    "title": {
      "text": "Donc ?"
    },
    "description": {
      "text": "Avez-vous obtenu les $(red)5 Ender Pearls$() ?"
    }
  },
  "complete": {
    "title": {
      "text": "Merci !"
    },
    "description": {
      "text": "Merci, pour votre peine."
    }
  },
  "tasks": [
    {
      "item": {
        "item": "minecraft:ender_pearl"
      },
      "id": "quest_giver:gift",
      "times": 5
     }
  ],
  "rewards": [
    {
      "item": {
        "item": "minecraft:emerald"
      },
      "id": "quest_giver:item",
      "times": 3
    },
    {
      "command": "/addreputation reputation:village @p 2",
      "id": "quest_giver:command"
    },
    {
      "command": "/advancement grant @p only custom:trade_enderian",
      "id": "quest_giver:command"
    }
  ]
}