{
  "parent": "quest_giver:quest_0028_01b",
  "reputation": 0,
  "icon": "minecraft:oak_sapling",
  "start": {
    "title": {
      "text": "Montagne de brume"
    },
    "description": {
      "text": "Oy, avez-vous trouvé le biome mystique $(red)Haze Mountain $() ?"
    }
  },
  "complete": {
    "title": {
      "text": "Est-ce vrai..."
    },
    "description": {
      "text": "Est-ce vrai... C'est assez décevant pour être honnête. Je pensais qu'il y aurait des dragons résidant dans les montagnes Haze... Eh bien, au moins maintenant je sais que c'est un mythe. Merci."
    }
  },
  "tasks": [
    {
		"id": "afptweaks:advancement",
		"advancement": "custom:magical_spring"
    }
  ],
  "rewards": [
    {
      "command": "/advancement grant @p only custom:trade_armorer",
      "id": "quest_giver:command"
    },
    {
      "command": "/addreputation reputation:village @p 3",
      "id": "quest_giver:command"
    }
  ]
}