{
  "parent": "quest_giver:quest_0002_01b",
  "reputation": 0,
  "icon": "minecraft:rabbit_foot",
  "start": {
    "title": {
      "text": "Une faveur"
    },
    "description": {
      "text": "Eh bien, avez-vous la patte de lapin?"
    }
  },
  "complete": {
    "title": {
      "text": "Bien jouez!"
    },
    "description": {
      "text": "Bien jouez ! Je n'ai pas grand-chose à payer pour ça... Veuillez accepter ce mouton cuit, fraîchement cuit !"
    }
  },
  "tasks": [
    {
      "item": {
        "item": "minecraft:rabbit_foot"
      },
      "id": "quest_giver:gift",
      "times": 1
    }
  ],
  "rewards": [
    {
      "item": {
      	"item": "minecraft:cooked_mutton"
	},
      "id": "quest_giver:item",
      "times": 1
    },
    {
      "command": "/addreputation reputation:village @p 2",
      "id": "quest_giver:command"
    }
  ]
}