{
  "parent": "quest_giver:quest_0055_01b",
  "reputation": 4,
  "icon": "minecraft:wheat_seeds",
  "start": {
    "title": {
      "text": "Alors ?"
    },
    "description": {
      "text": "Avez-vous fait le voyage jusqu'au Nether et récupéré le$(red)ghost pepper$() ?"
    }
  },
  "complete": {
    "title": {
      "text": "Merci !"
    },
    "description": {
      "text": "Aïe, ça me brûle la main ! C'est bien du poivre fantôme, haha ! Voici votre récompense."
    }
  },
  "tasks": [
    {
      "item": {
        "item": "nourished_nether:ghost_pepper"
      },
      "id": "quest_giver:gift",
      "times": 3
    }
  ],
  "rewards": [
    {
      "command": "/advancement grant @p only custom:trade_farmer",
      "id": "quest_giver:command"
    },
    {
      "command": "/addreputation reputation:villager @p 2",
      "id": "quest_giver:command"
    },
    {
      "item": {
        "item": "minecraft:emerald"
      },
      "id": "quest_giver:item",
      "times": 5
    }
  ]
}