{
  "parent": "quest_giver:quest_0029_01b",
  "reputation": 0,
  "icon": "minecraft:mushroom_stew",
  "start": {
    "title": {
      "text": "Ragoût de champignons!"
    },
    "description": {
      "text": "Avez-vous fait le $(red)Ragoût de champignons$() ?"
    }
  },
  "complete": {
    "title": {
      "text": "Est-ce ainsi..."
    },
    "description": {
      "text": "Miam! Merci étranger !"
    }
  },
  "tasks": [
    {
      "item": {
        "item": "minecraft:mushroom_stew"
      },
      "id": "quest_giver:gift",
      "times": 1
    }
  ],
  "rewards": [
    {
      "command": "/advancement grant @p only custom:trade_armorer",
      "id": "quest_giver:command"
    },
    {
      "command": "/addreputation reputation:villager @p 2",
      "id": "quest_giver:command"
    }
  ]
}