{
  "parent": "quest_giver:root",
  "reputation": 15,
  "icon": "minecraft:paper",
  "start": {
    "title": {
      "text": "Une tâche impossible !"
    },
    "description": {
      "text": "Enfin quelqu'un à qui parler ! Laissez-moi vous dire quelque chose : il y a un palais flottant géant sans racine quelque part dans ce royaume. Peu de gens le savent, encore moins où il se trouve... et heureusement pour vous, je suis le seul sur un million. Je vais vous dire ce que je sais. Si jamais vous avez la chance d'être béni par une orque, faites-moi savoir exactement comment cela s'est passé et ce que cela vous a fait ressentir. Faites-le, et je vous dirai où se trouve le palais, gratuitement ! Un puissant sorcier réside dans ce palais et a caché son trésor. En tant qu'aventurier, cela doit vous sembler attrayant, n'est-ce pas ?" 
    }
  }
}