{
  "parent": "quest_giver:root",
  "reputation": 7,
  "icon": "minecraft:iron_sword",
  "start": {
    "title": {
      "text": "Un travail de cuisine"
    },
    "description": {
      "text": "Pourriez-vous me cuisiner un plat appelé \"$(red)Pasta with Mutton Chop$()\"?"
    }
  },
  "complete": {
    "title": {
      "text": "Merci !"
    },
    "description": {
      "text": "mmhm ! Cela a l'air incroyable, je vais le garder pour plus tard. Merci."
    }
  },
  "tasks": [
     {
      "item": {
	 "item": "farmersdelight:pasta_with_mutton_chop"
      },
      "id": "quest_giver:gift",
      "times": 1
     }
  ],
  "rewards": [
    {
      "item": {
        "item": "minecraft:emerald"
      },
      "id": "quest_giver:item",
      "times": 2
    },
    {
      "command": "/advancement grant @p only custom:trade_weaponsmith",
      "id": "quest_giver:command"
    },
    {
      "command": "/addreputation reputation:village @p 2",
      "id": "quest_giver:command"
    }
  ]
}