{
  "parent": "quest_giver:root",
  "reputation": 13,
  "icon": "minecraft:paper",
  "start": {
    "title": {
      "text": "Exploration !"
    },
    "description": {
      "text": "Fondamentalement, j'ai besoin d'aide pour comprendre à quoi ressemblent les différents biomes afin de mieux les dessiner sur les cartes. En tant qu'aventurier, je vous pensais parfait pour ce travail ! Il y a 3 biomes qui m'intéressent actuellement : The white cliffs, ancient sands, and the volcanic peaks."
    }
  }
}