{
  "parent": "quest_giver:quest_0038_01b",
  "reputation": 13,
  "icon": "minecraft:map",
  "start": {
    "title": {
      "text": "Exploration !"
    },
    "description": {
      "text": "Revenez me voir lorsque vous aurez fini de voyager dans ces 3 biomes : Ancient Sand, Volcanic Peaks, White Mesa."
    }
  },
  "complete": {
    "title": {
      "text": "Terminé"
    },
    "description": {
      "text": "Merci pour vos explications détaillées. Je pense que je pourrai les dessiner en fonction de votre description. Ici, prenez votre récompense."
    }
  },
  "tasks": [
	{
	   "id": "afptweaks:advancement",
	   "advancement": "custom:traveller"
	}
  ],
  "rewards": [
    {
      "item": {
        "item": "minecraft:emerald"
      },
      "id": "quest_giver:item",
      "times": 6
    },
    {
      "command": "/addreputation reputation:villager @p 2",
      "id": "quest_giver:command"
    },
    {
      "command": "/advancement grant @p only custom:trade_cartographer",
      "id": "quest_giver:command"
    }
  ]
}