{
  "parent": "quest_giver:quest_0024_01b",
  "reputation": 6,
  "icon": "minecraft:iron_sword",
  "start": {
    "title": {
      "text": "Rebonjour!"
    },
    "description": {
      "text": "Peux-tu m'apporter une feuille de papier ? Je noterai l'emplacement de leur cachette."
    }
  },
  "complete": {
    "title": {
      "text": "Ici."
    },
    "description": {
      "text": "Accélère s'il te plaît! Nous ne savons pas ce qu'ils prévoient de faire avec l'enfant."
    }
  },
  "tasks": [
     {
      "item": {
	 "item": "minecraft:paper"
      },
      "id": "quest_giver:gift",
      "amount": 1
     }
  ],
  "rewards": [
  {
      "command": "/loot give @p loot minecraft:guard1",
      "id": "quest_giver:command"
    }
  ]
}