{
  "parent": "quest_giver:root",
  "reputation": 13,
  "icon": "minecraft:iron_sword",
  "start": {
    "title": {
      "text": "Aidez-moi"
    },
    "description": {
      "text": "Il y a un mangeur d'hommes le $(red)Géant$() vivant près de chez nous. Certains de nos villageois et gardes ont déjà été tués par lui. Les gardes, moi y compris, sont trop intimidés par sa taille. Mais à notre connaissance, il n’est ni trop fort ni trop intelligent. Je crois que vous pourrez l'affronter."
    }
  }
}