{
  "parent": "quest_giver:root",
  "reputation": 25,
  "icon": "minecraft:brewing_stand",
  "start": {
    "title": {
      "text": "Donc ?"
    },
    "description": {
      "text": "J'ai besoin de votre aide pour récupérer un chapeau de sorcière, n'importe qui ferait l'affaire. Les sorcières le laissent rarement tomber."
    }
  },
  "complete": {
    "title": {
      "text": "Merci !"
    },
    "description": {
      "text": "IDIOT! MAINTENANT, AMENONS LA TERREUR SUR CE VILLAGE ! JE PRENDRAIS GLOIRE DANS MON SACRIFICE SI CELA SIGNIFIAIT METTRE CE VILLAGE À SA FIN !"
    }
  },
  "tasks": [
    {
      "item": {
        "item": "biomemakeover:witch_hat"
      },
      "id": "quest_giver:gift",
      "times": 1
    }
  ],
  "rewards": [
    {
      "command": "/execute as @p run function witch:start_witch_raid",
      "id": "quest_giver:command"
    }
  ]
}