{
  "parent": "quest_giver:quest_0064_01b",
  "reputation": 18,
  "icon": "supplementaries:slingshot",
  "start": {
    "title": {
      "text": "Fabrication de lance-pierres"
    },
    "description": {
      "text": "Impossible de faire un $(red)Lance-pierres$() hein ? Eh bien, je comprends..."
    }
  },
  "complete": {
    "title": {
      "text": "Merci !"
    },
    "description": {
      "text": "Oui, c'est exactement ce que j'imaginais ! Hm... Ça n'a pas l'air si impressionnant. On dirait qu'il utilise des pierres comme munitions... Eh bien, voilà, je n'en ai pas vraiment besoin. Merci de me l'avoir montré !"
    }
  },
  "tasks": [
    {
      "item": {
        "item": "supplementaries:slingshot"
      },
      "id": "quest_giver:gift",
      "times": 1
    }
  ],
  "rewards": [
    {
      "command": "/addreputation reputation:village @p 1",
      "id": "quest_giver:command"
    },
    {
      "item": {
        "item": "supplementaries:slingshot"
      },
      "id": "quest_giver:item",
      "times": 1
    }
  ]
}