{
	"parent": "quest_giver:root",
	"reputation": 15,
	"icon": "minecraft:iron_sword",
	"start": {
		"title": {
			"text": "Alors ?"
		},
		"description": {
			"text": "Je peux vous apprendre la compétence - Stamina Pillager pour 18 émeraudes."
		}
	},
	"complete": {
		"title": {
			"text": "Merci !"
		},
		"description": {
			"text": "Amusez-vous à piller ! Mais pas trop amusant."
		}
	},
	"tasks": [{
		"item": {
			"item": "minecraft:emerald"
		},
      "id": "quest_giver:gift",
      "times": 18
	}],
	"rewards": [{
		"command": "give @p epicfight:skillbook{skill:\"epicfight:stamina_pillager\"}",
		"id": "quest_giver:command"
	}]
}