{
  "parent": "quest_giver:root",
  "reputation": 15,
  "icon": "minecraft:map",
  "start": {
    "title": {
      "text": "Une tâche impossible !"
    },
    "description": {
      "text": "Deux tâches vous attendent : Tuer n'importe quelle créature à 100 blocs autour, avec un aigle portant une cagoule, et donner à manger à un cochon un œil d'araignée fermenté puis lui lancer un X chimique. Remplissez-les, et j'envisagerai de vous confier le Tourment."
    }
  },
  "complete": {
    "title": {
      "text": "Merci bien !"
    },
    "description": {
      "text": "Bravo ! Le voici. Son ancien maître était un redoutable guerrier piglin."
    }
  },
  "tasks": [
    {
		"id": "afptweaks:advancement",
		"advancement": "alexsmobs:alexsmobs/bald_eagle_challenge"
    },
    {
		"id": "afptweaks:advancement",
		"advancement": "mutantmonsters:spider_pig_spider_pig"
    }
  ],
  "rewards": [
    {
      "item": {
        "item": "wom:tormented_mind"
      },
      "id": "quest_giver:item",
      "times": 1
    }
  ]
}