{
  "parent": "quest_giver:root",
  "reputation": 10,
  "icon": "minecraft:bow",
  "start": {
    "title": {
      "text": "Alors ?"
    },
    "description": {
      "text": "As-tu eu $(red)16 flèches$() de la table d'archerie ? Je vous le rembourserai."
    }
  },
  "complete": {
    "title": {
      "text": "Merci !"
    },
    "description": {
      "text": "Merci, vous me sauvez la vie ! Je ne suis pas doué c'était un peu gênant de demander..."
    }
  },
  "tasks": [
     {
      "item": {
	 "item": "minecraft:arrow"
      },
      "id": "quest_giver:item_stack",
      "amount": 16
     }
  ],
  "rewards": [
    {
      "item": {
        "item": "minecraft:emerald"
      },
      "id": "quest_giver:item",
      "times": 3
    },
    {
      "command": "/advancement grant @p only custom:trade_hunter",
      "id": "quest_giver:command"
    },
    {
      "command": "/addreputation reputation:villager @p 1",
      "id": "quest_giver:command"
    }
  ]
}