{
  "parent": "quest_giver:quest_0067_01b",
  "reputation": 24,
  "icon": "minecraft:leather",
  "start": {
    "title": {
      "text": "Donc ?"
    },
    "description": {
      "text": "Vous avez encore la marchandise ? $(red)2 fourrure d'ours blanc$()."
    }
  },
  "complete": {
    "title": {
      "text": "Merci !"
    },
    "description": {
      "text": "Merci, au plaisir de faire affaire avec vous."
    }
  },
  "tasks": [
    {
      "item": {
        "item": "untamedwilds:hide_bear_white"
      },
      "id": "quest_giver:gift",
      "times": 2
    }
  ],
  "rewards": [
    {
      "command": "/advancement grant @p only custom:trade_leatherworker",
      "id": "quest_giver:command"
    },
    {
      "command": "/addreputation reputation:village @p 2",
      "id": "quest_giver:command"
    },
    {
      "item": {
        "item": "minecraft:emerald"
      },
      "id": "quest_giver:item",
      "times": 10
    }
  ]
}