{
	"parent": "quest_giver:root",
	"reputation": 15,
	"icon": "minecraft:iron_sword",
	"start": {
		"title": {
			"text": "Alors ?"
		},
		"description": {
			"text": "Je peux vous enseigner la compétence Maître de l'esquive pour 15 émeraudes. Qu'en dites-vous ?"
		}
	},
	"complete": {
		"title": {
			"text": "Merci !"
		},
		"description": {
			"text": "C'est l'une des compétences les plus difficiles à utiliser, mais elle est très efficace lorsqu'elle est bien exécutée."
		}
	},
	"tasks": [{
		"item": {
			"item": "minecraft:emerald"
		},
      "id": "quest_giver:gift",
      "times": 15
	}],
	"rewards": [{
		"command": "give @p epicfight:skillbook{skill:\"wom:dodge_master\"}",
		"id": "quest_giver:command"
	}]
}