{
  "parent": "quest_giver:root",
  "reputation": 40,
  "icon": "minecraft:book",
  "start": {
    "title": {
      "text": "Récupérer un objet précieux"
    },
    "description": {
      "text": "S'il vous plaît, procurez-moi un morceau de papier pour que je puisse vous dessiner une carte."
    }
  },
  "complete": {
    "title": {
      "text": "Voilà."
    },
    "description": {
      "text": "Désolé pour le dérangement. Voici l'endroit où je veux que tu ailles. Il y a là un livre qui m'appartenait. Cet endroit était autrefois un temple rempli d'érudits de toute la dimension, mais je ne sais pas comment c'est maintenant. Veuillez procéder avec prudence et apportez-moi mon livre."
    }
  },
  "tasks": [
     {
      "item": {
	 "item": "minecraft:paper"
      },
      "id": "quest_giver:gift",
      "times": 1
     }
  ],
  "rewards": [
    {
      "command": "/dc addWaypoint @p custom:librarian_ruin \"Demande du bibliothécaire\"",
      "id": "quest_giver:command"
    },    
    {
      "command": "/loot give @p loot minecraft:librarian1",
      "id": "quest_giver:command"
    },
    {
      "command": "/gamestage add @p librarian1 true",
      "id": "quest_giver:command"
    }
  ]
}