{
  "parent": "quest_giver:quest_0054_01b",
  "reputation": 5,
  "icon": "minecraft:wheat_seeds",
  "start": {
    "title": {
      "text": "Donc ?"
    },
    "description": {
      "text": "Avez-vous la $(red)houe de fer$()?"
    }
  },
  "complete": {
    "title": {
      "text": "Merci !"
    },
    "description": {
      "text": "Oh, vous l'avez eu pour nous... Je vous en suis très reconnaissant. Je me sens mal de demander une autre faveur... Mais pensez-vous que vous pouvez faire $(red)2 miches de pain$() pour nous? Nous ne sommes bons qu'à cultiver et à récolter, voyez-vous. Vous pouvez utiliser le blé de notre ferme pour cela !"
    }
  },
  "tasks": [
    {
      "item": {
        "item": "minecraft:iron_hoe"
      },
      "id": "quest_giver:gift",
      "times": 1
    }
  ]
}