{
  "parent": "quest_giver:root",
  "reputation": 4,
  "icon": "minecraft:wheat_seeds",
  "start": {
    "title": {
      "text": "Donc ?"
    },
    "description": {
      "text": "Les épices semblent être la nouvelle mode dans ce village... Je cherche à faire pousser le piment le plus fort connu et à faire du profit, haha ! Avez-vous entendu parler d'une sorte de poivre appelé poivre fantôme (ghost peepers) que l'on peut trouver  que dans le Nether ? Eh bien, j'ai besoin que tu récupères $(red)3 de ces piments fantômes$() et apportez-les-moi."
    }
  }
}