{
  "parent": "quest_giver:quest_0086_02b",
  "reputation": 37,
  "icon": "minecraft:iron_axe",
  "start": {
    "title": {
      "text": "Contrat d'extermination"
    },
    "description": {
      "text": "S'il vous plaît, revenez lorsque vous aurez terminé le contrat d'extermination - $(red)Tuez 5 pilleurs$()."
    }
  },
  "complete": {
    "title": {
      "text": "Merci !"
    },
    "description": {
      "text": "Que… Il semble que le moment soit venu. Les pilleurs sont là. Camarade, j'ai forgé cette épée à deux mains pour des moments comme celui-ci. S'il vous plaît, faites-en bon usage et aidez-nous. Toutes nos vies dépendent de toi maintenant."
    }
  },
  "tasks": [
    {
      "entity": "minecraft:pillager",
      "id": "quest_giver:kill",
      "times": 5
    }
  ],
  "rewards": [
    {
      "command": "/effect give @p minecraft:bad_omen 10 2",
      "id": "quest_giver:command"
    },
    {
      "command": "/give @p epicfight:iron_greatsword{Enchantments:[{id:\"apotheosis:bane_of_illagers\",lvl:3}]}",
      "id": "quest_giver:command"
    },
    {
      "command": "/addreputation reputation:villager @p 1",
      "id": "quest_giver:command"
    }
  ]
}