{
  "parent": "quest_giver:quest_0112_01b",
  "reputation": 16,
  "icon": "minecraft:iron_pickaxe",
  "start": {
    "title": {
      "text": "Alors ?"
    },
    "description": {
      "text": "Pourriez-vous me rapporter un morceau de papier ? Je vais te dessiner une carte."
    }
  },
  "complete": {
    "title": {
      "text": "Merci !"
    },
    "description": {
      "text": "Merci. La créature habite autour de cette zone. Prends soin de toi"
    }
  },
  "tasks": [
     {
      "item": {
	 "item": "minecraft:paper"
      },
      "id": "quest_giver:gift",
      "times": 1
     }
  ],
  "rewards": [
	{
		"command": "/dc addWaypoint @p custom:wolf_hideout \"Demande du mineur – Extermination de créatures\"",
		"id": "quest_giver:command"
	},    
    {
      "command": "/loot give @p loot minecraft:miner2",
      "id": "quest_giver:command"
    },
    {
      "command": "/gamestage add @p miner2 true",
      "id": "quest_giver:command"
    }    
  ]
}