{
  "parent": "quest_giver:root",
  "reputation": 20,
  "icon": "minecraft:iron_ingot",
  "start": {
    "title": {
      "text": "Chasse à l'esprit"
    },
    "description": {
      "text": "Les esprits se manifestent sous de nombreuses formes. Ils possèdent parfois des objets, des épées et même des armures ! Voyez si vous pouvez chasser $(red)5 possédés... ou une armure possédé$(), peu importe comment vous voulez l'appeler, et je vous récompenserai pour votre bravoure."
    }
  }
}