{
  "parent": "quest_giver:quest_0027_01b",
  "reputation": 20,
  "icon": "minecraft:iron_ingot",
  "start": {
    "title": {
      "text": "Chasse à l'esprit"
    },
    "description": {
      "text": "Vous n'avez pas encore réussi à tuer $(red)5 armures possédées $() ?  Eh bien, essayez encore, haha"
    }
  },
  "complete": {
    "title": {
      "text": "Voilà."
    },
    "description": {
      "text": "Haha, tu l'as vraiment fait ! Tu es un fou, mais j'aime ça ! Tiens, prends ta récompense, elle est bien méritée !"
    }
  },
  "tasks": [ 
    {
      "entity": "dannys_expansion:hollow_armor",
      "id": "quest_giver:kill",
      "times": 5
    }
  ],
  "rewards": [
    {
      "item": {
        "item": "minecraft:emerald"
      },
      "id": "quest_giver:item",
      "times": 5
    },
    {
      "command": "/addreputation reputation:villager @p 2",
      "id": "quest_giver:command"
    },
    {
      "command": "/advancement grant @p only custom:trade_armorer",
      "id": "quest_giver:command"
    }
  ]
}