{
  "parent": "quest_giver:root",
  "reputation": 10,
  "icon": "minecraft:iron_axe",
  "start": {
    "title": {
      "text": "Une offre"
    },
    "description": {
      "text": "15 Émeraudes, et je vais vous apprendre à utiliser la compétence Step."
    }
  },
  "complete": {
    "title": {
      "text": "Merci !"
    },
    "description": {
      "text": "Je préfère utiliser ça plutôt que de me rouler dans la boue !"
    }
  },
  "tasks": [
     {
      "item": {
	 "item": "minecraft:emerald"
      },
      "id": "quest_giver:gift",
      "amount": 15
     }
  ],
  "rewards": [
    {
      "command": "/give @p epicfight:skillbook{skill:\"epicfight:step\"}",
      "id": "quest_giver:command"
    }
  ]
}