{
  "parent": "quest_giver:root",
  "reputation": 5,
  "icon": "minecraft:wooden_sword",
  "start": {
    "title": {
      "text": "Le Saviez-vous?"
    },
    "description": {
      "text": "Il y a de nouveaux visages dans la dimension. Les rumeurs disent que ces hommes portent une armure fabuleuse et des épées incassables. J'ai eu l'occasion de voir certaines de leurs conceptions d'armures... Belles, mais pas pratiques. Un marteau décent peut le briser facilement, haha !"
    }
  }
}