{
  "parent": "quest_giver:quest_0091_01b",
  "reputation": 46,
  "icon": "minecraft:ender_pearl",
  "start": {
    "title": {
      "text": "Donc ?"
    },
    "description": {
      "text": "S'il vous plaît, laissez-moi jeter un coup d'œil une fois que vous aurez obtenu un $(red)oeuf de dragon$(), ça a toujours été mon rêve d'en voir un."
    }
  },
  "complete": {
    "title": {
      "text": "Merci !"
    },
    "description": {
      "text": "Voilà à quoi ça ressemble... Saviez-vous que vous pouvez placer l'œuf de dragon et qu'il fera éclore un nouveau dragon ? Ici, je vais vous apprendre à l'apprivoiser : Nourrissez-le autant de poissons que vous le pouvez... C'est simple, n'est-ce pas ?"
    }
  },
  "tasks": [
    {
      "item": {
        "item": "minecraft:dragon_egg"
      },
      "id": "quest_giver:gift",
      "times": 1
     }
  ],
  "rewards": [
    {
      "item": {
        "item": "minecraft:dragon_egg"
      },
      "id": "quest_giver:item",
      "times": 1
    },
    {
      "command": "/advancement grant @p only custom:trade_enderian",
      "id": "quest_giver:command"
    },
    {
      "command": "/addreputation reputation:village @p 3",
      "id": "quest_giver:command"
    },
    {
      "command": "/pmmo admin @p add taming level 1",
      "id": "quest_giver:command"
    }
  ]
}