{
  "parent": "quest_giver:root",
  "reputation": 2,
  "icon": "minecraft:map",
  "start": {
    "title": {
      "text": "Fabriquez une boussole !"
    },
    "description": {
      "text": "Ce n'est pas une tâche si difficile, n'est-ce pas ? Fabriquez une boussole."
    }
  },
  "complete": {
    "title": {
      "text": "Merci !"
    },
    "description": {
      "text": "Bon travail. Courez maintenant, vous attendiez-vous à une récompense ?"
    }
  },
  "tasks": [
    {
      "item": {
        "item": "minecraft:compass"
      },
      "id": "quest_giver:craft",
      "times": 1
    }
  ],
  "rewards": [
    {
      "command": "/advancement grant @p only custom:trade_cartographer",
      "id": "quest_giver:command"
    },
    {
      "command": "/addreputation reputation:villager @p 1",
      "id": "quest_giver:command"
    }
  ]
}