{
  "parent": "quest_giver:quest_0008_01b",
  "reputation": 13,
  "icon": "minecraft:leather",
  "start": {
    "title": {
      "text": "Donc ?"
    },
    "description": {
      "text": "Hein? Ah tu as oublié. je demandais $(red)4 peau de lion$()."
    }
  },
  "complete": {
    "title": {
      "text": "Merci !"
    },
    "description": {
      "text": "Heureux de faire affaire avec vous."
    }
  },
  "tasks": [
    {
      "item": {
        "item": "untamedwilds:hide_bigcat_lion"
      },
      "id": "quest_giver:gift",
      "times": 4
    }
  ],
  "rewards": [
    {
      "command": "/advancement grant @p only custom:trade_leatherworker",
      "id": "quest_giver:command"
    },
    {
      "command": "/addreputation reputation:village @p 2",
      "id": "quest_giver:command"
    },
    {
      "item": {
        "item": "minecraft:arrow"
      },
      "id": "quest_giver:item",
      "times": 8
    }
  ]
}