{
  "parent": "quest_giver:quest_0109_01b",
  "reputation": 6,
  "icon": "minecraft:iron_sword",
  "start": {
    "title": {
      "text": "Re-bonjour"
    },
    "description": {
      "text": "Si vous êtes prêt à sauver l'enfant. Donne-moi un morceau de papier, je te dessinerai une carte."
    }
  },
  "complete": {
    "title": {
      "text": "Voilà."
    },
    "description": {
      "text": "Ces scélérats ont établi leur base ici. L'enfant doit être toujours avec eux... Dépêchez-vous. Ramenez-le-nous !"
    }
  },
  "tasks": [
     {
      "item": {
	 "item": "minecraft:paper"
      },
      "id": "quest_giver:gift",
      "amount": 1
     }
  ],
  "rewards": [
	{
		"command": "/dc addWaypoint @p quest_giver:pillager_base \"Demande de sauvetage - Base de pilleurs\"",
		"id": "quest_giver:command"
	}, 
    {
      "command": "/loot give @p loot minecraft:guard2",
      "id": "quest_giver:command"
    },
    {
      "command": "/gamestage add @p guard2 true",
      "id": "quest_giver:command"
    }    
  ]
}