{
  "parent": "quest_giver:root",
  "reputation": 14,
  "icon": "minecraft:log",
  "start": {
    "title": {
      "text": "Alors ?"
    },
    "description": {
      "text": "J'ai besoin d'une $(red)hache en fer$() pour travailler !"
    }
  },
  "complete": {
    "title": {
      "text": "Merci !"
    },
    "description": {
      "text": "Merci. 4 émeraudes vous suffisent-elles ?"
    }
  },
  "tasks": [
     {
      "item": {
	 "item": "minecraft:iron_axe"
      },
      "id": "quest_giver:gift",
      "amount": 1
     }
  ],
  "rewards": [
    {
      "command": "/addreputation reputation:village @p 1",
      "id": "quest_giver:command"
    },
    {
      "item": {
        "item": "minecraft:emerald"
      },
      "id": "quest_giver:item",
      "times": 2
    }
  ]
}