{
  "parent": "quest_giver:root",
  "reputation": 16,
  "icon": "minecraft:iron_pickaxe",
  "start": {
    "title": {
      "text": "Carte vers Ender Guardian"
    },
    "description": {
      "text": "Rien n'est gratuit mon ami. Donnez-moi 5 émeraudes et je vous indiquerai la direction de l'Ender Guardian."
    }
  },
  "complete": {
    "title": {
      "text": "Merci !"
    },
    "description": {
      "text": "Très bien, voilà. Rappelez-vous, n'ouvrez pas cette carte tant que vous n'êtes pas réellement dans l'End. Ne dites pas que je ne vous ai pas prévenu."
    }
  },
  "tasks": [
    {
      "item": {
        "item": "minecraft:emerald"
      },
      "id": "quest_giver:gift",
      "times": 5
    }
  ],
  "rewards": [
    {
      "item": {
        "item": "simple_mobs:rolled_map_3"
      },
      "id": "quest_giver:item",
      "times": 1
    }
  ]
}