{
	"parent": "quest_giver:root",
	"reputation": 12,
	"icon": "minecraft:iron_sword",
	"start": {
		"title": {
			"text": "Alors ?"
		},
		"description": {
			"text": "Je peux vous apprendre la compétence - Garde active. Payez-moi juste 15 émeraudes."
		}
	},
	"complete": {
		"title": {
			"text": "Merci !"
		},
		"description": {
			"text": "Voici."
		}
	},
	"tasks": [{
		"item": {
			"item": "minecraft:emerald"
		},
      "id": "quest_giver:gift",
      "times": 15
	}],
	"rewards": [{
		"command": "/give @p epicfight:skillbook{skill:\"epicfight:active_guard\"}",
		"id": "quest_giver:command"
	}]
}