{
  "parent": "quest_giver:root",
  "reputation": 3,
  "icon": "minecraft:white_wool",
  "start": {
    "title": {
      "text": "Seau de lait !"
    },
    "description": {
      "text": "Dépêchez-vous, s'il vous plaît. je veux un $(red)seau de lait$()!"
    }
  },
  "complete": {
    "title": {
      "text": "Merci !"
    },
    "description": {
      "text": "Miam! Merci beaucoup l'ami."
    }
  },
  "tasks": [
    {
      "item": {
        "item": "minecraft:milk_bucket"
      },
      "id": "quest_giver:gift",
      "times": 1
    }
  ],
  "rewards": [
    {
      "command": "/playsound minecraft:entity.generic.drink ambient @p ~ ~ ~ 3",
      "id": "quest_giver:command"
    },
    {
      "command": "/advancement grant @p only custom:trade_toolsmith",
      "id": "quest_giver:command"
    },
    {
      "command": "/addreputation reputation:village @p 1",
      "id": "quest_giver:command"
    },
    {
      "item": {
        "item": "minecraft:bucket"
      },
      "id": "quest_giver:item",
      "times": 1
    }
  ]
}