{
	"parent": "quest_giver:root",
	"reputation": 10,
	"icon": "minecraft:white_wool",
	"start": {
		"title": {
			"text": "Apprenez à utiliser la table de forgeage"
		},
		"description": {
			"text": "Vous voulez apprendre à utiliser la table de forge ? Cela vous coûtera 22 émeraudes."
		}
	},
	"complete": {
		"title": {
			"text": "Merci !"
		},
		"description": {
			"text": "Voilà, amusez-vous à fabriquer des équipements en netherite !"
		}
	},
	"tasks": [{
		"item": {
			"item": "minecraft:emerald"
		},
		"id": "quest_giver:gift",
		"times": 22
	}],
	"rewards": [{
		"command": "/pmmo admin @p add smithing level 1",
		"id": "quest_giver:command"
	}]
}