{
  "parent": "quest_giver:root",
  "reputation": 0,
  "icon": "minecraft:wheat_seeds",
  "start": {
    "title": {
      "text": "Conseil"
    },
    "description": {
      "text": "En tant qu'agriculteur ambitieux, mon objectif dans la vie est d'être un expert dans la culture de différentes végétations ! Cependant, je n'ai eu d'expérience qu'avec du blé et des pommes de terre... Pourriez-vous m'aider à trouver des graines de citrouille ? Je commencerai mon ambitieuse conquête à partir de là!"
    }
  }
}