{
  "parent": "quest_giver:quest_0051_01b",
  "reputation": 0,
  "icon": "minecraft:wheat_seeds",
  "start": {
    "title": {
      "text": "Donc ?"
    },
    "description": {
      "text": "Avez-vous la $(red)graine de citrouille$() ?"
    }
  },
  "complete": {
    "title": {
      "text": "Merci !"
    },
    "description": {
      "text": "Merci beaucoup, maintenant je peux faire pousser une petite ferme de citrouilles derrière ma maison et commencer mes études, haha !"
    }
  },
  "tasks": [
    {
      "item": {
        "item": "minecraft:pumpkin_seeds"
      },
      "id": "quest_giver:gift",
      "times": 1
    }
  ],
  "rewards": [
    {
      "command": "/addreputation reputation:village @p 3",
      "id": "quest_giver:command"
    },
    {
      "item": {
        "item": "minecraft:emerald"
      },
      "id": "quest_giver:item",
      "times": 1
    }
  ]
}