{
  "parent": "quest_giver:quest_0114_01b",
  "reputation": 16,
  "icon": "minecraft:iron_pickaxe",
  "start": {
    "title": {
      "text": "Alors ?"
    },
    "description": {
      "text": "Vous avez déjà oublié ? Battez le fantôme du capitaine Cornelia au corps à corps. Alors venez me voir pour réclamer votre récompense."
    }
  },
  "complete": {
    "title": {
      "text": "Merci !"
    },
    "description": {
      "text": "Vous l'avez réellement fait ! Prenez votre récompense. J'ai entendu dire que vous aimiez les diamants, n'est-ce pas ? Prends en!"
    }
  },
  "tasks": [
    {
      "entity": "ob_aquamirae:captain_cornelia",
      "id": "quest_giver:kill",
      "times": 1
    }
  ],
  "rewards": [
    {
      "item": {
        "item": "minecraft:emerald"
      },
      "id": "quest_giver:item",
      "times": 2
    },
    {
      "item": {
        "item": "minecraft:diamond"
      },
      "id": "quest_giver:item",
      "times": 4
    },
    {
      "command": "/advancement grant @p only custom:trade_oceanographer",
      "id": "quest_giver:command"
    },    
    {
      "command": "/addreputation reputation:villager @p 2",
      "id": "quest_giver:command"
    }
  ]
}