{
  "parent": "quest_giver:root",
  "reputation": 15,
  "icon": "minecraft:cod",
  "start": {
    "title": {
      "text": "Demande de chasse"
    },
    "description": {
      "text": "Que Dieu te bénisse. S'il vous plaît, aidez-moi à traquer ces créatures dégoûtantes et viles dans l'océan. Les biologistes les appellent des requins. Je les appelle les diables de la mer. En mer, j'ai vu... Je les ai vus déchirer ma sœur, membre par membre. S'il vous plaît, aidez-moi à me venger, à tuer ces méchantes créatures et à me rapporter leur dent comme trophée."
    }
  }
}