{
  "parent": "quest_giver:quest_0053_03",
  "reputation": 0,
  "icon": "minecraft:wheat_seeds",
  "start": {
    "title": {
      "text": "Donc ?"
    },
    "description": {
      "text": "Bonjour, avez-vous reçu les$(red) 2 betteraves$()?"
    }
  },
  "complete": {
    "title": {
      "text": "Merci !"
    },
    "description": {
      "text": "Merci."
    }
  },
  "tasks": [
    {
      "item": {
        "item": "minecraft:beetroot"
      },
      "id": "quest_giver:gift",
      "times": 2
    }
  ]
}