{
	"parent": "quest_giver:quest_0059_01",
	"reputation": 4,
	"icon": "minecraft:cod",
	"start": {
		"title": {
			"text": "Alors ?"
		},
		"description": {
			"text": "Avez-vous récupéré de la redstone ? Je pense que j'en ai juste besoin d'un."
		}
	},
	"complete": {
		"title": {
			"text": "Merci !"
		},
		"description": {
			"text": "Merci! Voilà pour votre problème."
		}
	},
	"tasks": [{
		"item": {
			"item": "minecraft:redstone"
		},
		"id": "quest_giver:gift",
		"times": 1
	}],
	"rewards": [{
			"command": "/advancement grant @p only custom:trade_fisherman",
			"id": "quest_giver:command"
		},
		{
			"command": "/addreputation reputation:villager @p 1",
			"id": "quest_giver:command"
		},
		{
			"item": {
				"item": "minecraft:emerald"
			},
			"id": "quest_giver:item",
			"times": 2
		}
	]
}