{
  "parent": "quest_giver:quest_0059_01b",
  "reputation": 4,
  "icon": "minecraft:cod",
  "start": {
    "title": {
      "text": "Suivi du temps"
    },
    "description": {
      "text": "As-tu reçu le sablier ? Je ne me souviens même pas quand je t'ai demandé de le faire. Mon Dieu, j'ai besoin de ce truc. Accélère s'il te plaît."
    }
  },
  "complete": {
    "title": {
      "text": "Merci !"
    },
    "description": {
      "text": "Bien ! Voilà... attends, il n'y a rien à l'intérieur. Comment puis-je l'utiliser ? Hm... tu peux me procurer de la $(red)poudre de redstone$()? Donc je peux le faire dans le sablier."
    }
  },
  "tasks": [
    {
      "item": {
        "item": "supplementaries:hourglass"
      },
      "id": "quest_giver:gift",
      "times": 1
    }
  ]
}