{
  "parent": "quest_giver:root",
  "reputation": 12,
  "icon": "minecraft:arrow",
  "start": {
    "title": {
      "text": "Récupération de plumes"
    },
    "description": {
      "text": "Avez-vous $(red)2 Plumes de Roadrunner$() ?"
    }
  },
  "complete": {
    "title": {
      "text": "Merci !"
    },
    "description": {
      "text": "hm... La qualité ne semble pas particulièrement bonne. Je vais voir si je peux l'utiliser d'une autre manière. Quoi qu'il en soit, voici pour votre problème."
    }
  },
  "tasks": [
    {
      "item": {
        "item": "alexsmobs:roadrunner_feather"
      },
      "id": "quest_giver:gift",
      "times": 2
    }
  ],
  "rewards": [
    {
      "command": "/advancement grant @p only custom:trade_fletcher",
      "id": "quest_giver:command"
    },
    {
      "command": "/addreputation reputation:villager @p 2",
      "id": "quest_giver:command"
    },
    {
      "item": {
        "item": "minecraft:emerald"
      },
      "id": "quest_giver:item",
      "times": 3
    }
  ]
}