{
  "parent": "quest_giver:root",
  "reputation": 15,
  "icon": "minecraft:map",
  "start": {
    "title": {
      "text": "Une tâche impossible !"
    },
    "description": {
      "text": "Accomplissez les deux tâches que je vous demande, et alors seulement j'envisagerai de vous accorder la puissante Ruine. Recevez la bénédiction d'un tigre après l'avoir nourri de viandes, et pillez un réacteur du Nether dans le tas de déchets toxiques du Nether.."
    }
  },
  "complete": {
    "title": {
      "text": "Merci !"
    },
    "description": {
      "text": "Excellent travail ! Le voici. Le tranchant de la lame renferme beaucoup de connaissances..."
    }
  },
  "tasks": [
    {
		"id": "afptweaks:advancement",
		"advancement": "alexsmobs:alexsmobs/tigers_blessing"
    },
    {
		"id": "afptweaks:advancement",
		"advancement": "incendium:toxic_heap/nuclear_fusion"
    }
  ],
  "rewards": [
    {
      "item": {
        "item": "wom:ruine"
      },
      "id": "quest_giver:item",
      "times": 1
    }
  ]
}