{
  "parent": "quest_giver:root",
  "reputation": 6,
  "icon": "minecraft:bow",
  "start": {
    "title": {
      "text": "Tâche d'extermination"
    },
    "description": {
      "text": "Avez-vous déjà rencontré des créatures mi-aigle, mi-cheval ? Ils s'appellent les Griffons. Ces bêtes ont pillé mes fermes apicoles et terrifié ma famille. Pouvez-vous m'aider à exterminer le Griffon le plus proche que vous pouvez trouver autour de ce village et m'apporter sa plume ? Ne vous inquiétez pas, je vous paierai généreusement... Je sais à quel point vous prenez des risques en vous attaquant à une telle créature."
    }
  }
}