{
  "parent": "quest_giver:root",
  "reputation": 0,
  "icon": "minecraft:wheat_seeds",
  "start": {
    "title": {
      "text": "Conseil"
    },
    "description": {
      "text": "En tant qu'agriculteur ambitieux, mon objectif dans la vie est de devenir un expert dans la culture de différentes végétations ! Cependant, je n'ai d'expérience qu'avec le blé et les pommes de terre... Pourriez-vous m'aider à trouver des graines de citrouille ? C'est à partir de là que je commencerai mon ambitieuse conquête !"
    }
  }
}