{
  "parent": "quest_giver:quest_0094_01b",
  "reputation": 52,
  "icon": "minecraft:ender_pearl",
  "start": {
    "title": {
      "text": "Alors ?"
    },
    "description": {
      "text": "Reviens me voir une fois que tu auras fait le plat $(red)Ennegel Pasta$(). Je vous paierai généreusement pour cela."
    }
  },
  "complete": {
    "title": {
      "text": "Merci !"
    },
    "description": {
      "text": "Cette saveur...! Tout comme la cuisine de ma mère... Merci aventurier, tu n'imagines pas à quel point je suis reconnaissant pour ça. Tiens prends ça. C'est un katana forgé avec un pouvoir Ender. Je doute qu'il existe une arme plus puissante que celle-ci."
    }
  },
  "tasks": [
    {
      "item": {
        "item": "enlightened_end:ennegel_pasta"
      },
      "id": "quest_giver:gift",
      "times": 1
     }
  ],
  "rewards": [
    {
      "item": {
        "item": "scattered_weapons:darkkatana"
      },
      "id": "quest_giver:item",
      "times": 1
    }
  ]
}