{
  "parent": "quest_giver:quest_0123_01b",
  "reputation": 16,
  "icon": "minecraft:iron_pickaxe",
  "start": {
    "title": {
      "text": "Sculk"
    },
    "description": {
      "text": "Ah tu es de retour ! Avez-vous obtenu le $(red)Sculk Sensors$() ?"
    }
  },
  "complete": {
    "title": {
      "text": "Merci !"
    },
    "description": {
      "text": "Ça... a l'air si bizarre. Avez-vous rencontré le Warden ? Eh bien, je suppose que non, vu que tu es toujours en vie. Quoi qu'il en soit, voici votre récompense. Cet article devrait vous protéger des mundane slimes.."
    }
  },
  "tasks": [
    {
      "item": {
        "item": "wildbackport:sculk_shrieker"
      },
      "id": "quest_giver:gift",
      "times": 1
    }
  ],
  "rewards": [
    {
      "item": {
        "item": "dannys_expansion:gelatinous_diplomacy"
      },
      "id": "quest_giver:item",
      "times": 1
    },
    {
      "command": "/advancement grant @p only custom:trade_miner",
      "id": "quest_giver:command"
    }
  ]
}