{
  "parent": "quest_giver:root",
  "reputation": 16,
  "icon": "minecraft:iron_pickaxe",
  "start": {
    "title": {
      "text": "Sculk"
    },
    "description": "Pendant que j'étais dans l'exploitation minière, j'ai trouvé quelque chose d'étrange au fond des ardoises profondes. Des spores infestées et des cris aigus ont entouré la zone. J'ai entendu dire par d'autres mineurs que ces infestations s'appellent des $(red)sculks$(), et que j'ai eu la chance de m'en sortir vivant... Cependant, je suis fasciné par les cris et les infestations. Serait-il possible pour vous de m'offrir un de ces $(red)sculk shriekers$() provenant des Deep Dark?"
    }
  }
}