{
	"parent": "quest_giver:root",
	"reputation": 15,
	"icon": "minecraft:iron_sword",
	"start": {
		"title": {
			"text": "Alors ?"
		},
		"description": {
			"text": "Je peux vous enseigner la technique du Pas de l'ombre pour 25 émeraudes. Qu'en dites-vous ?"
		}
	},
	"complete": {
		"title": {
			"text": "Merci !"
		},
		"description": {
			"text": "Une technique terrifiante, n'est-ce pas ?"
		}
	},
	"tasks": [{
		"item": {
			"item": "minecraft:emerald"
		},
      "id": "quest_giver:gift",
      "times": 25
	}],
	"rewards": [{
		"command": "give @p epicfight:skillbook{skill:\"wom:shadow_step\"}",
		"id": "quest_giver:command"
	}]
}