{
	"parent": "quest_giver:quest_0083_01",
	"reputation": 13,
	"icon": "minecraft:iron_axe",
	"start": {
		"title": {
			"text": "Alors ?"
		},
		"description": {
			"text": "Tu m'as déjà apporté ma hache de fer ? Accélère s'il te plaît."
		}
	},
	"complete": {
		"title": {
			"text": "Merci !"
		},
		"description": {
			"text": "OUI ! C'est la hache que j'ai fabriquée... Je n'ai jamais été capable de faire mieux, tu sais. Quoi qu'il en soit, voici ta récompense. J'apprécie ton aide."
		}
	},
	"tasks": [{
		"item": {
			"item": "minecraft:iron_axe",
			"forge:nbt": "{tag:\"toolsmith\"}"
		},
		"id": "quest_giver:gift",
		"times": 1
	}],
	"rewards": [{
			"item": {
				"item": "minecraft:emerald"
			},
			"id": "quest_giver:item",
			"times": 2
		},
		{
			"command": "/addreputation reputation:villager @p 2",
			"id": "quest_giver:command"
		},
		{
			"command": "/give @p iron_axe{Enchantments:[{id:efficiency,lvl:2}]}",
			"id": "quest_giver:command"
		},
		{
			"command": "/advancement grant @p only custom:trade_toolsmith",
			"id": "quest_giver:command"
		}
	]
}