{
  "parent": "quest_giver:quest_0058_01b",
  "reputation": 15,
  "icon": "minecraft:bow",
  "start": {
    "title": {
      "text": "Demande de chasse"
    },
    "description": {
      "text": "(*Vous réalisez que ce n'est pas ainsi que les requins attaquent ; et que seuls certains des types de requins les plus passifs tels que les $(red)Requin-marteau$() laisser tomber leurs dents à la mort. Mais tu as décidé de garder le silence*)"
    }
  },
  "complete": {
    "title": {
      "text": "Merci !"
    },
    "description": {
      "text": "Hahahaha.... Je vais graver le nom de ma sœur sur cette chose et la porter comme pendentif. Merci aventurier, voici votre récompense."
    }
  },
  "tasks": [
    {
      "item": {
        "item": "alexsmobs:shark_tooth"
      },
      "id": "quest_giver:gift",
      "times": 1
    }
  ],
  "rewards": [
    {
      "command": "/addreputation reputation:villager @p 2",
      "id": "quest_giver:command"
    },
    {
      "item": {
        "item": "minecraft:salmon"
      },
      "id": "quest_giver:item",
      "times": 6
    }
  ]
}