{
	"parent": "quest_giver:root",
	"reputation": 15,
	"icon": "minecraft:iron_sword",
	"start": {
		"title": {
			"text": "Alors ?"
		},
		"description": {
			"text": "Je peux vous enseigner la technique - Garde pour 20 émeraudes. Qu'en pensez-vous ?"
		}
	},
	"complete": {
		"title": {
			"text": "Merci !"
		},
		"description": {
			"text": "Le plaisir est pour moi !"
		}
	},
	"tasks": [{
		"item": {
			"item": "minecraft:emerald"
		},
      "id": "quest_giver:gift",
      "times": 20
	}],
	"rewards": [{
		"command": "give @p epicfight:skillbook{skill:\"epicfight:guard\"}",
		"id": "quest_giver:command"
	}]
}