{
  "parent": "quest_giver:quest_0009_01b",
  "reputation": 14,
  "icon": "minecraft:book",
  "start": {
    "title": {
      "text": "Fetching Request"
    },
    "description": {
      "text": "Please come back when you've gathered $(red)4 ink sacs$()."
    }
  },
  "complete": {
    "title": {
      "text": "Thanks!"
    },
    "description": {
      "text": "Many thanks. Unfortunately I found that our paper supply is also running low... Do you think you can help us get 10 pieces of paper for now> We'll restock soon, but we would really appreciate your help."
    }
  },
  "tasks": [
    {
      "item": {
        "item": "minecraft:ink_sac"
      },
      "id": "quest_giver:gift",
      "times": 4
    }
  ],
  "rewards": [
    {
      "command": "/addreputation reputation:villager @p 1",
      "id": "quest_giver:command"
    },
    {
      "item": {
        "item": "minecraft:emerald"
      },
      "id": "quest_giver:item",
      "times": 1
    }
  ]
}