{
	"parent": "quest_giver:quest_0009_01",
	"reputation": 14,
	"icon": "minecraft:book",
	"start": {
		"title": {
			"text": "So?"
		},
		"description": {
			"text": "Did you get the chance to gather the $(red)10 pieces of paper$()?"
		}
	},
	"complete": {
		"title": {
			"text": "Thanks!"
		},
		"description": {
			"text": "Thanks. I don't have emeralds to pay you at the moment... How's this for payment?"
		}
	},
	"tasks": [{
		"item": {
			"item": "minecraft:paper"
		},
		"id": "quest_giver:gift",
		"times": 10
	}],
	"rewards": [{
			"item": {
				"type": "minecraft:item_nbt",
				"item": "minecraft:enchanted_book",
				"nbt": "{StoredEnchantments:[{id:\"minecraft:mending\",lvl:1}]}"
			},
			"id": "quest_giver:item",
			"times": 1
		},
		{
			"command": "/advancement grant @p only custom:trade_librarian",
			"id": "quest_giver:command"
		},
		{
			"command": "/addreputation reputation:villager @p 1",
			"id": "quest_giver:command"
		}
	]
}