{
  "parent": "quest_giver:quest_0113_01",
  "reputation": 16,
  "icon": "minecraft:iron_pickaxe",
  "start": {
    "title": {
      "text": "Re-bonjour !"
    },
    "description": {
      "text": "Avez-vous obtenu la  $(red)gem$()? Vous devrez peut-être exterminer la créature pour l'obtenir."
    }
  },
  "complete": {
    "title": {
      "text": "Voilà."
    },
    "description": {
      "text": "Wow... c'est incroyable. C'est tout simplement... étonnant. Il me faudra du temps avec ça. Peux-tu m'apporter un bâton en bois ? Je pense que je pourrais peut-être te préparer quelque chose de spécial."
    }
  },
  "tasks": [
     {
      "item": {
	 "item": "simple_mobs:gem_item"
      },
      "id": "quest_giver:gift",
      "times": 1
     }
  ]
}