{
  "parent": "quest_giver:quest_0083_01b",
  "reputation": 13,
  "icon": "minecraft:iron_axe",
  "start": {
    "title": {
      "text": "Un objet précieux"
    },
    "description": {
      "text": "S'il te plaît, donne-moi un morceau de $(red)papier$()."
    }
  },
  "complete": {
    "title": {
      "text": "Merci !"
    },
    "description": {
      "text": "Et voilà, s'il vous plaît, rendez-moi ma hache bien-aimée. C'était mon plus beau travail à ce jour."
    }
  },
  "tasks": [
     {
      "item": {
	 "item": "minecraft:paper"
      },
      "id": "quest_giver:gift",
      "times": 1
     }
  ],
  "rewards": [
    {
      "command": "/dc addWaypoint @p custom:toolsmith_ruin \"Demande d'un outilleur\"",
      "id": "quest_giver:command"
    },   
    {
      "command": "/loot give @p loot minecraft:toolsmith1",
      "id": "quest_giver:command"
    },
    {
      "command": "/gamestage add @p toolsmith1 true",
      "id": "quest_giver:command"
    }
  ]
}