{
  "parent": "quest_giver:root",
  "reputation": 4,
  "icon": "minecraft:honey_bottle",
  "start": {
    "title": {
      "text": "Miel ?"
    },
    "description": {
      "text": "Avez-vous obtenu une $(red)Bouteille de miel$()?"
    }
  },
  "complete": {
    "title": {
      "text": "Merci !"
    },
    "description": {
      "text": "C'est le meilleur miel que j'ai bu depuis un moment ! Merci!"
    }
  },
  "tasks": [
     {
      "item": {
	 "item": "minecraft:honey_bottle"
      },
      "id": "quest_giver:gift",
      "times": 1
     }
  ],
  "rewards": [
    {
      "item": {
        "item": "minecraft:emerald"
      },
      "id": "quest_giver:item",
      "times": 1
    },
    {
      "command": "/advancement grant @p only custom:trade_weaponsmith",
      "id": "quest_giver:command"
    },
    {
      "command": "/addreputation reputation:village @p 1",
      "id": "quest_giver:command"
    }
  ]
}