{
  "parent": "quest_giver:quest_0009_01b",
  "reputation": 14,
  "icon": "minecraft:book",
  "start": {
    "title": {
      "text": "Mission de récupération"
    },
    "description": {
      "text": "Revenez quand vous aurez rassemblé $(red)4 encres$()."
    }
  },
  "complete": {
    "title": {
      "text": "Merci !"
    },
    "description": {
      "text": "Merci beaucoup. Malheureusement, j'ai découvert que notre stock de papier est également en baisse... Pensez-vous pouvoir nous aider à obtenir 10 feuilles de papier pour l'instant ? Nous allons bientôt nous réapprovisionner, mais nous apprécierions vraiment votre aide."
    }
  },
  "tasks": [
    {
      "item": {
        "item": "minecraft:ink_sac"
      },
      "id": "quest_giver:gift",
      "times": 4
    }
  ],
  "rewards": [
    {
      "command": "/addreputation reputation:villager @p 1",
      "id": "quest_giver:command"
    },
    {
      "item": {
        "item": "minecraft:emerald"
      },
      "id": "quest_giver:item",
      "times": 1
    }
  ]
}