{
  "parent": "quest_giver:root",
  "reputation": 10,
  "icon": "minecraft:log",
  "start": {
    "title": {
      "text": "Donc?"
    },
    "description": {
      "text": "Avez-vous obtenu un morceau de $(red)Dusk Log$() ?"
    }
  },
  "complete": {
    "title": {
      "text": "Merci !"
    },
    "description": {
      "text": "Merci. Voici votre récompense."
    }
  },
  "tasks": [
    {
      "item": {
        "item": "blue_skies:dusk_log"
      },
      "id": "quest_giver:gift",
      "times": 1
     }
  ],
  "rewards": [
    {
      "item": {
        "item": "minecraft:emerald"
      },
      "id": "quest_giver:item",
      "times": 2
    },
    {
      "command": "/addreputation reputation:village @p 2",
      "id": "quest_giver:command"
    },
    {
      "command": "/advancement grant @p only custom:trade_woodworker",
      "id": "quest_giver:command"
    }
  ]
}