{
  "parent": "quest_giver:quest_0005_01b",
  "reputation": 4,
  "icon": "minecraft:wheat_seeds",
  "start": {
    "title": {
      "text": "Donc ?"
    },
    "description": {
      "text": "Avez-vous obtenu les $(red)8 os$()?"
    }
  },
  "complete": {
    "title": {
      "text": "Merci !"
    },
    "description": {
      "text": "Super! Maintenant, mes cultures pousseront plus vite que celles des autres agriculteurs ! Ha ha ! Eh bien, merci monsieur, voici une émeraude."
    }
  },
  "tasks": [
    {
      "item": {
        "item": "minecraft:bone"
      },
      "id": "quest_giver:gift",
      "times": 8
    }
  ],
  "rewards": [
    {
      "command": "/addreputation reputation:village @p 3",
      "id": "quest_giver:command"
    },
    {
      "item": {
        "item": "minecraft:emerald"
      },
      "id": "quest_giver:item",
      "times": 1
    }
  ]
}