{
  "parent": "quest_giver:root",
  "reputation": 10,
  "icon": "minecraft:grindstone",
  "start": {
    "title": {
      "text": "Déverrouiller la meule"
    },
    "description": {
      "text": "C'est une demande plutôt inhabituelle... Je te facturerai 15 émeraudes pour ça. Es-ce bien?"
    }
  },
  "complete": {
    "title": {
      "text": "Merci !"
    },
    "description": {
      "text": "Voilà! Facile non ?"
    }
  },
  "tasks": [
    {
      "item": {
        "item": "minecraft:emerald"
      },
      "id": "quest_giver:gift",
      "times": 15
    }
  ],
  "rewards": [
    {
      "command": "/pmmo admin @p add excavation level 1",
      "id": "quest_giver:command"
    }
  ]
}