{
  "parent": "quest_giver:quest_0086_02b",
  "reputation": 37,
  "icon": "minecraft:iron_axe",
  "start": {
    "title": {
      "text": "Donc ?"
    },
    "description": {
      "text": "Veuillez revenir lorsque vous aurez terminé le contrat d'extermination - $(red)Tuez 5 pillards$()."
    }
  },
  "complete": {
    "title": {
      "text": "Merci !"
    },
    "description": {
      "text": "Il semble que le moment soit venu. Les pillards sont là. Camarade, j'ai forgé cette grande épée pour des moments comme celui-ci. S'il vous plaît, faites-en bon usage et aidez-nous. Toutes nos vies dépendent de toi maintenant."
    }
  },
  "tasks": [
    {
      "entity": "minecraft:pillager",
      "id": "quest_giver:kill",
      "times": 5
    }
  ],
  "rewards": [
    {
      "command": "/effect give InteJason minecraft:bad_omen 10 2",
      "id": "quest_giver:command"
    },
    {
      "command": "/give @p epicfight:iron_greatsword{Enchantments:[{id:\"apotheosis:bane_of_illagers\",lvl:3}]}",
      "id": "quest_giver:command"
    },
    {
      "command": "/addreputation reputation:village @p 3",
      "id": "quest_giver:command"
    }
  ]
}