{
  "parent": "quest_giver:quest_0024_01",
  "reputation": 6,
  "icon": "minecraft:iron_sword",
  "start": {
    "title": {
      "text": "Enfant perdu"
    },
    "description": {
      "text": "S'il vous plaît, allez sauver l'enfant et ramenez-le ici."
    }

  },
  "complete": {
    "title": {
      "text": "Enfant perdu : terminé"
    },
    "description": {
      "text": "Tu es un héros pour ce que tu as fait, aventurier. Nous n'oublierons jamais ce que vous avez fait pour nous. Ici, je vais vous apprendre une nouvelle compétence de combat - Folie Furieuse."
    }
  },
  "tasks": [
    {
      "id": "afptweaks:follow_quest",
       "structure": "#minecraft:village"
    }
  ],
  "rewards": [
    {
      "command": "/give @p epicfight:skillbook{skill:\"epicfight:berserker\"}",
      "id": "quest_giver:command"
    }
  ]
}