{
  "parent": "quest_giver:root",
  "reputation": 16,
  "icon": "minecraft:iron_pickaxe",
  "start": {
    "title": {
      "text": "Cœur de dragon"
    },
    "description": "Il se trouve que j'ai quelque chose qui pourrait vous intéresser - Spirit Orbs. Ils me sont pratiquement inutiles. Mais j'imagine que des aventuriers comme vous mourraient pour mettre la main dessus... n'est-ce pas ? Je vais te faire un marché. Donnez-moi un $(red)Coeur de dragon de feu$(). Et je te donnerai tous les orbes que j'ai."
    }
  }
}