{
  "parent": "quest_giver:quest_0014_01",
  "reputation": 10,
  "icon": "minecraft:emerald",
  "start": {
    "title": {
      "text": "Déjà fini ?!"
    },
    "description": {
      "text": "Oh ? Vous avez déjà vaincu le porte-œil avant que je ne vous donne la carte ? Huh... Montrez-moi l'oeil exact que le porte-oeil a fait tomber, alors. En fait, laissez-le tomber et ramassez-le... Ne me demandez pas pourquoi!"
    }
  },
  "complete": {
    "title": {
      "text": "La fin de la route"
    },
    "description": {
      "text": "Je n'ai pas d'autres informations à vous donner, mon ami. Suis ta vocation."
    }
  },
  "tasks": [
    {
      "item": {
        "item": "endrem:corrupted_eye"
      },
      "id": "quest_giver:item_pickup",
      "times": 1
    }
  ]
}