{
  "parent": "quest_giver:quest_0014_11",
  "reputation": 10,
  "icon": "minecraft:ender_pearl",
  "start": {
    "title": {
      "text": "La fin... n'est que le début... ?"
    },
    "description": {
      "text": "Si vous voulez savoir... La divinité qui a corrompu le dragon de l'ender... Il est toujours bien vivant. Mais cet être est tout simplement trop puissant, même pour vous. La carte pour l'atteindre est détenue par le gardien de l'ender. Quant à l'endroit où se trouve le gardien de l'ender... Nos enderiens ont peut-être un indice. Je ne vous conseille pas de poursuivre dans cette voie. Vous en avez fait plus qu'assez."
    }
  },
  "complete": {
    "title": {
      "text": "La vraie fin"
    },
    "description": {
      "text": "Je.... Je suis désolé d'avoir douté de vous. Vous êtes vraiment unique en votre genre.                                      - Fin de la quête principale -"
    }
  },
  "tasks": [
    {
		"id": "afptweaks:advancement",
		"advancement": "simple_mobs:killelementaldeity"
    }
  ],
  "rewards": [
  ]
}