{
  "parent": "quest_giver:quest_0014_02",
  "reputation": 10,
  "icon": "minecraft:iron_sword",
  "start": {
    "title": {
      "text": "La route vers les porte-œil"
    },
    "description": {
      "text": "Vous voyez la carte que je vous ai donnée ? Votre première mission est d'exterminer le $(red)Roi des gobelins$(). On le trouve au sommet de son château."
    }
  },
  "complete": {
    "title": {
      "text": "La route vers les porte-œil"
    },
    "description": {
      "text": "Bon travail. Il semble que vous soyez prêt à affronter $(red)l'Ogre corrompu$(). La créature qui habite l'endroit marqué tient l'un des yeux."
    }
  },
  "tasks": [
    {
      "item": {
        "item": "goblinsanddungeons:goblin_crown"
      },
      "id": "quest_giver:item_pickup",
      "times": 1
    }
  ],
  "rewards": [
	{
		"command": "/dc addWaypoint @p custom:ogre_dwelling \"Quête principale - La demeure de l'ogre corrompu\"",
		"id": "quest_giver:command"
	}, 
    {
      "command": "/loot give @p loot minecraft:guildmaster1",
      "id": "quest_giver:command"
    },
     {
      "command": "/advancement grant @p only simple_mobs:goblin_king_quest_complete",
      "id": "quest_giver:command"
    },
    {
      "command": "/gamestage add @p guildmaster3 true",
      "id": "quest_giver:command"
    }
  ]
}