{
  "parent": "quest_giver:quest_0014_06",
  "reputation": 10,
  "icon": "minecraft:iron_sword",
  "start": {
    "title": {
      "text": "La route vers les porte-œil"
    },
    "description": {
      "text": "Le prochain détenteur d'yeux est un mort-vivant. Un mort-vivant qui a plus d'un tour dans son sac... Il est entouré de ses disciples, vous risquez donc d'avoir du mal à l'atteindre."
    }
  },
  "complete": {
    "title": {
      "text": "La route vers les porte-œil"
    },
    "description": {
      "text": "Le Seigneur Squelette est probablement le mort-vivant le plus puissant que j'aie jamais vu. Je suis surpris que vous soyez capable de l'abattre. D'accord, voyons voir... Le prochain oeil est gardé par un Chevalier sacré renommé. Je ne sais pas si c'est possible pour vous. Quoi qu'il en soit, je vais vous donner son emplacement. Soyez prudents."
    }
  },
  "tasks": [
    {
      "item": {
        "item": "endrem:magical_eye"
      },
      "id": "quest_giver:item_pickup",
      "times": 1
    }
  ],
  "rewards": [
	{
		"command": "/dc addWaypoint @p custom:sentinel_tree \"Quête principale - L'arbre des gardiens\"",
		"id": "quest_giver:command"
	},
    {
      "command": "/loot give @p loot minecraft:guildmaster5",
      "id": "quest_giver:command"
    },
    {
      "command": "/advancement grant @p only simple_mobs:skeleton_lord_quest_complete",
      "id": "quest_giver:command"
    },
    {
      "command": "/gamestage add @p guildmaster7 true",
      "id": "quest_giver:command"
    }
  ]
}