{
	"parent": "quest_giver:quest_0092_01b",
	"reputation": 46,
	"icon": "minecraft:ender_pearl",
	"start": {
		"title": {
			"text": "Donc ?"
		},
		"description": {
			"text": "S'il vous plaît laissez-moi jeter un oeil une fois que vous avez obtenu l' $(red)oeuf de dragon$()."
		}
	},
	"complete": {
		"title": {
			"text": "Merci !"
		},
		"description": {
			"text": "Désolé de te faire ça, mon ami... Mais j'en ai besoin. Au revoir."
		}
	},
	"tasks": [{
		"item": {
			"item": "minecraft:dragon_egg"
		},
		"id": "quest_giver:gift",
		"times": 1
	}],
	"rewards": [{
			"command": "/execute as @p run effect give @e[type=minecraft:villager,nbt={VillagerData:{profession:\"morevillagers:enderian\"}},sort=nearest,limit=1] minecraft:invisibility 100 1 true",
			"id": "quest_giver:command"
		},
		{
			"command": "/tag @e[type=minecraft:villager,nbt={VillagerData:{profession:\"morevillagers:enderian\"}},sort=nearest,limit=1] add it",
			"id": "quest_giver:command"
		},
		{
			"command": "/execute at @e[type=minecraft:villager,nbt={VillagerData:{profession:\"morevillagers:enderian\"}},sort=nearest,limit=1] run particle minecraft:end_rod ~ ~ ~ 0 0 0 0.1 40 normal",
			"id": "quest_giver:command"
		},
		{
			"command": "/tp @e[type=minecraft:villager,nbt={VillagerData:{profession:\"morevillagers:enderian\"}},sort=nearest,limit=1] ~ ~150 ~150",
			"id": "quest_giver:command"
		},
		{
			"command": "/execute at @p run playsound minecraft:entity.enderman.teleport ambient @p ~ ~ ~ 7 1",
			"id": "quest_giver:command"
		}
	]
}