{
  "parent": "quest_giver:root",
  "reputation": 0,
  "icon": "minecraft:brewing_stand",
  "start": {
    "title": {
      "text": "Alors ?"
    },
    "description": {
      "text": "Vous avez déjà oublié ? J'ai besoin de 5 yeux d'araignée."
    }
  },
  "complete": {
    "title": {
      "text": "Merci !"
    },
    "description": {
      "text": "Merci pour votre aide !"
    }
  },
  "tasks": [
    {
      "item": {
        "item": "minecraft:spider_eye"
      },
      "id": "quest_giver:gift",
      "times": 5
    }
  ],
  "rewards": [
    {
      "item": {
        "item": "minecraft:emerald"
      },
      "id": "quest_giver:item",
      "times": 1
    },
    {
      "command": "/addreputation reputation:villager @p 2",
      "id": "quest_giver:command"
    },
    {
      "command": "/advancement grant @p only custom:trade_cleric",
      "id": "quest_giver:command"
    }
  ]
}