{
  "parent": "quest_giver:root",
  "reputation": 10,
  "icon": "minecraft:white_wool",
  "start": {
    "title": {
      "text": "Donc ?"
    },
    "description": {
      "text": "Donnez-moi 10 émeraudes et je vous apprendrai à utiliser le métier à tisser !"
    }
  },
  "complete": {
    "title": {
      "text": "Merci !"
    },
    "description": {
      "text": "Voilà !"
    }
  },
  "tasks": [
    {
      "item": {
        "item": "minecraft:emerald"
      },
      "id": "quest_giver:gift",
      "times": 10
    }
  ],
  "rewards": [
    {
      "command": "/pmmo admin @p add agility level 1",
      "id": "quest_giver:command"
    }
  ]
}