{
  "parent": "quest_giver:root",
  "reputation": 20,
  "icon": "minecraft:redstone",
  "start": {
    "title": {
      "text": "Aidez-moi "
    },
    "description": {
      "text": "Merci d'avoir écouté ma demande. Connaissez-vous les « tours de bataille » dans cette dimension ? Ils sont partout dans le monde. Je suis particulièrement intéressé par les Land Towers et le golem résidant à l'intérieur. L'œil que laisse tomber le gardien contient une énorme énergie cinétique... Pensez-vous pouvoir m'aider à en obtenir un pour mes recherches ?"
    }
  }
}