{
  "parent": "quest_giver:quest_0098_01b",
  "reputation": 20,
  "icon": "minecraft:redstone",
  "start": {
    "title": {
      "text": "Alors ?"
    },
    "description": {
      "text": "Avez-vous vaincu le golem terrestre et obtenu l' $(red)Oeil de Golem$() ?"
    }
  },
  "complete": {
    "title": {
      "text": "Merci !"
    },
    "description": {
      "text": "Par les Cieux ! C'est l'un des objets les plus fascinants que j'aie jamais vus. C'est plus que je n'aurais jamais imaginé. Tiens, prends ces pierres rouges en paiement. Je suis désolé mais je n'ai pas d'émeraudes sur moi pour le moment."
    }
  },
  "tasks": [
     {
      "item": {
	 "item": "ba_bt:guardian_eye_land"
      },
      "id": "quest_giver:gift",
      "times": 1
     }
  ],
  "rewards": [
    {
      "item": {
        "item": "minecraft:redstone"
      },
      "id": "quest_giver:item",
      "times": 32
    },
    {
      "command": "/addreputation reputation:village @p 4",
      "id": "quest_giver:command"
    }
  ]
}