{
  "parent": "quest_giver:quest_0046_01b",
  "reputation": 15,
  "icon": "minecraft:paper",
  "start": {
    "title": {
      "text": "Salut"
    },
    "description": {
      "text": "Il semble que vous n'ayez pas encore terminé votre contrat. Ou avez-vous oublié quel était votre contrat ? Tue $(red)2 silver beasts$()."
    }
  },
  "complete": {
    "title": {
      "text": "Voilà."
    },
    "description": {
      "text": "Tu as bien fait. Je peux sentir les forces du mal arrêter brièvement leur avancée. Mais leur conquête n'est jamais finie, reparlez-moi si vous souhaitez un autre contrat."
    }
  },
  "tasks": [ 
    {
      "entity": "bloodandmadness:silverbeast",
      "id": "quest_giver:kill",
      "times": 2
    }
  ],
  "rewards": [
    {
      "item": {
        "item": "minecraft:emerald"
      },
      "id": "quest_giver:item",
      "times": 4
    },
    {
      "command": "/addreputation reputation:villager @p 2",
      "id": "quest_giver:command"
    }
  ]
}