{
  "parent": "quest_giver:root",
  "reputation": 15,
  "icon": "minecraft:map",
  "start": {
    "title": {
      "text": "Une tâche impossible !"
    },
    "description": {
      "text": "Avant que je ne vous confie les blasters ender, vous devez accomplir deux tâches pour prouver votre valeur : Tuer une sentinelle pipelin dans les dunes infernales de Nether et cisailler une colonie de champignons parvenue à maturité. N'oublie pas que tu devras développer un sol riche pour y parvenir."
    }
  },
  "complete": {
    "title": {
      "text": "Merci !"
    },
    "description": {
      "text": "Félicitations ! Le voici. Ce blaster est un puissant coup de poing doté d'une énorme source d'énergie."
    }
  },
  "tasks": [
    {
		"id": "afptweaks:advancement",
		"advancement": "incendium:infernal_dunes/pipeline/kill_sentry"
    },
    {
		"id": "afptweaks:advancement",
		"advancement": "farmersdelight:main/get_mushroom_colony"
    }
  ],
  "rewards": [
    {
      "item": {
        "item": "wom:ender_blaster"
      },
      "id": "quest_giver:item",
      "times": 2
    }
  ]
}