{
  "parent": "quest_giver:root",
  "reputation": 45,
  "icon": "minecraft:paper",
  "start": {
    "title": {
      "text": "Hors-la-loi étrangers"
    },
    "description": {
      "text": "Pouvez-vous m'apporter un morceau de papier ? Je vais te dessiner une carte."
    }
  },
  "complete": {
    "title": {
      "text": "Voilà."
    },
    "description": {
      "text": "Le groupe de hors-la-loi étrangers a construit un endroit où se trouve le marqueur. Allez éliminer le chef."
    }
  },
  "tasks": [
     {
      "item": {
	 "item": "minecraft:paper"
      },
      "id": "quest_giver:gift",
      "amount": 1
     }
  ],
  "rewards": [
    {
      "command": "/dc addWaypoint @p custom:dojo \"Dojo des hors-la-loi étrangers\"",
      "id": "quest_giver:command"
    },   
    {
      "command": "/loot give @p loot minecraft:cartographer1",
      "id": "quest_giver:command"
    },
    {
      "command": "/gamestage add @p cartographer1 true",
      "id": "quest_giver:command"
    }
  ]
}