{
  "parent": "quest_giver:quest_0032_01b",
  "reputation": 0,
  "icon": "minecraft:beef",
  "start": {
    "title": {
      "text": "Un peu d'aide"
    },
    "description": {
      "text": "Hey, tu as le couteau ? Rappelez-vous, il doit être fait avec du fer."
    }
  },
  "complete": {
    "title": {
      "text": "Terminé"
    },
    "description": {
      "text": "C'est un bon couteau, merci."
    }
  },
  "tasks": [
    {
      "item": {
        "item": "farmersdelight:iron_knife"
      },
      "id": "quest_giver:gift",
      "amount": 1
    }
  ],
  "rewards": [
    {
      "command": "/advancement grant @p only custom:trade_butcher",
      "id": "quest_giver:command"
    },
    {
      "command": "/addreputation reputation:village @p 2",
      "id": "quest_giver:command"
    }
  ]
}