{
  "parent": "quest_giver:quest_0024_01",
  "reputation": 6,
  "icon": "minecraft:iron_sword",
  "start": {
    "title": {
      "text": "L'enfant perdu"
    },
    "description": {
      "text": "S'il vous plaît, allez sauver l'enfant et ramenez-le ici."
    }

  },
  "complete": {
    "title": {
      "text": "L'enfant perdu : Terminé"
    },
    "description": {
      "text": "Vous êtes un héros pour ce que vous avez fait, aventurier. Nous n'oublierons jamais ce que vous avez fait pour nous. Je vais vous apprendre une nouvelle technique de combat : la Moisson de la mort."
    }
  },
  "tasks": [
    {
      "id": "afptweaks:follow_quest",
       "structure": "#minecraft:village"
    }
  ],
  "rewards": [
    {
      "command": "/give @p epicfight:skillbook{skill:\"epicfight:death_harvest\"}",
      "id": "quest_giver:command"
    }
  ]
}