{
  "parent": "quest_giver:quest_0024_01b",
  "reputation": 6,
  "icon": "minecraft:iron_sword",
  "start": {
    "title": {
      "text": "Re-bonjour !"
    },
    "description": {
      "text": "Ah, j'allais oublier. Pouvez-vous me donner un morceau de papier ? Je vais noter l'emplacement de leur cachette."
    }
  },
  "complete": {
    "title": {
      "text": "Voilà."
    },
    "description": {
      "text": "Dépêchez-vous ! Nous ne savons pas ce qu'ils comptent faire de l'enfant."
    }
  },
  "tasks": [
     {
      "item": {
	 "item": "minecraft:paper"
      },
      "id": "quest_giver:gift",
      "amount": 1
     }
  ],
  "rewards": [
	{
		"command": "/dc addWaypoint @p quest_giver:pillager_hideout \"Demande de sauvetage - Repaire de pillards\"",
		"id": "quest_giver:command"
	}, 
    {
      "command": "/loot give @p loot minecraft:guard1",
      "id": "quest_giver:command"
    },
    {
      "command": "/gamestage add @p guard1 true",
      "id": "quest_giver:command"
    }    
  ]
}