{
  "parent": "quest_giver:root",
  "reputation": 5,
  "icon": "minecraft:iron_axe",
  "start": {
    "title": {
      "text": "Une offre"
    },
    "description": {
      "text": "Avez-vous entendu parler d'un être légendaire - Ignis ? J'ai entendu dire qu'il est toujours plus fort que... le Géant du Feu. Si vous souhaitez l'invoquer, vous devrez obtenir certains matériaux dans le Nether. Je peux vous montrer où trouver ces matériaux... moyennant un prix. 4 émeraudes pour être exact."
    }
  }
}