{
  "parent": "quest_giver:quest_0116_01b",
  "reputation": 10,
  "icon": "minecraft:iron_axe",
  "start": {
    "title": {
      "text": "Une offre"
    },
    "description": {
      "text": "4 émeraudes, et je vous montrerai où vous pouvez trouver les matériaux nécessaires pour invoquer Ignis."
    }
  },
  "complete": {
    "title": {
      "text": "Merci !"
    },
    "description": {
      "text": "N'invoquez pas cette abomination près de ce village. Et rappelez-vous, cette carte ne fonctionnera que si vous l'ouvrez dans le Nether. Ouvrir cette carte ici ne vous donnera qu'une carte vierge. Ne me demandez pas pourquoi... Je n'en ai aucune idée."
    }
  },
  "tasks": [
     {
      "item": {
	 "item": "minecraft:emerald"
      },
      "id": "quest_giver:gift",
      "amount": 4
     }
  ],
  "rewards": [
    {
      "item": {
        "item": "simple_mobs:rolled_map_2"
      },
      "id": "quest_giver:item",
      "times": 1
    }
  ]
}