{
  "parent": "quest_giver:root",
  "reputation": 10,
  "icon": "minecraft:blast_furnace",
  "start": {
    "title": {
      "text": "Apprenez à utiliser le haut fourneau"
    },
    "description": {
      "text": "Vous souhaitez apprendre à utiliser le haut fourneau ? Ça te coûtera 18 émeraudes."
    }
  },
  "complete": {
    "title": {
      "text": "Voilà."
    },
    "description": {
      "text": "Voilà. Simple n'est-ce pas ? Ha ha !"
    }
  },
  "tasks": [
    {
      "item": {
        "item": "minecraft:emerald"
      },
      "id": "quest_giver:gift",
      "times": 18
    }
  ],
  "rewards": [
    {
      "command": "/pmmo admin @p add endurance level 1",
      "id": "quest_giver:command"
    }
  ]
}