{
  "parent": "quest_giver:quest_0001_02b",
  "reputation": 5,
  "icon": "minecraft:iron_helmet",
  "start": {
    "title": {
      "text": "Rebonjour!"
    },
    "description": {
      "text": "Rebonjour! As-tu déjà récupéré le papier pour moi ? Je veux te dessiner une carte."
    }
  },
  "complete": {
    "title": {
      "text": "Ici."
    },
    "description": {
      "text": "Il y a une maison infestée par ces chasseurs malades et trompés... Un de mes bons amis a localisé leur emplacement et l'a noté sur la carte ici. Je suis sûr qu'ils ont fait le plein de butins qu'ils ont obtenus de leurs ennemis... Tuez-les et récupérez leur butin. Si vous le pouviez, cherchez un collier qu'ils m'ont volé. Ils aiment cacher des choses sous la table. Voyez si vous pouvez le trouver, je ferai de mon mieux pour vous rembourser si jamais vous pouviez me rendre ce collier !"
    }
  },
  "tasks": [
     {
      "item": {
	 "item": "minecraft:paper"
      },
      "id": "quest_giver:gift",
      "amount": 1
     }
  ],
  "rewards": [
  {
      "command": "/loot give @p loot minecraft:armorer1",
      "id": "quest_giver:command"
    }
  ]
}