{
  "parent": "quest_giver:quest_0001_01b",
  "reputation": 5,
  "icon": "minecraft:iron_ingot",
  "start": {
    "title": {
      "text": "Apportez-moi quelque chose !"
    },
    "description": {
      "text": "Salut! Avez-vous déjà $(red)4 lingots de fer$() pour moi ?"
    }
  },
  "complete": {
    "title": {
      "text": "Merci !"
    },
    "description": {
      "text": "Merci! Maintenant, je vais enfin pouvoir fabriquer l'armure de ce garde... Il ne se taisait pas ! Je n'ai rien pour toi en ce moment, mais je jure que je te rembourserai un jour !"
    }
  },
  "tasks": [
    {
      "item": {
        "item": "minecraft:iron_ingot"
      },
      "id": "quest_giver:gift",
      "times": 4
    }
  ]
}