{
  "parent": "quest_giver:quest_0001_02",
  "reputation": 5,
  "icon": "minecraft:blast_furnace",
  "start": {
    "title": {
      "text": "Salut."
    },
    "description": {
      "text": "Salut. Avez-vous trouvé le pendentif ? Ils cachent généralement des objets de valeur sous des tables."
    }
  },
  "complete": {
    "title": {
      "text": "Enfin..."
    },
    "description": {
      "text": "Enfin, Juan... Je l'ai récupéré... Je n'ai pas rompu mon vœu... Oh, voilà. Merci pour cela, cela signifie beaucoup pour moi."
    }
  },
  "tasks": [
    {
      "item": {
        "item": "simple_mobs:armorers_pendant"
      },
      "id": "quest_giver:gift",
      "amount": 1
    }
  ],
  "rewards": [
    {
      "item": {
 	   "type": "minecraft:item_nbt",
           "item": "minecraft:iron_chestplate",
           "nbt":  "{display:{Name:'[{\"text\":\"Gardien du serment\",\"italic\":false}]',Lore:['[{\"text\":\"Un plastron que l armurier a fait spécialement pour son champion.\",\"italic\":false}]']},Enchantments:[{id:mending,lvl:1},{id:protection,lvl:2}]}"
      },
      "id": "quest_giver:item",
      "times": 1
    },
    {
      "command": "/advancement grant @p only custom:trade_armorer",
      "id": "quest_giver:command"
    },    
    {
      "command": "/addreputation reputation:village @p 2",
      "id": "quest_giver:command"
    }
  ]
}