{
  "parent": "quest_giver:quest_0019_01b",
  "reputation": 16,
  "icon": "minecraft:iron_pickaxe",
  "start": {
    "title": {
      "text": "Donc ?"
    },
    "description": {
      "text": "Pourriez-vous m'apporter un morceau de papier ? Je vais vous dessiner une carte."
    }
  },
  "complete": {
    "title": {
      "text": "Merci !"
    },
    "description": {
      "text": "Voici. S'il vous plaît dites-lui que je vous envoie mes salutations. Je ne serais pas là sans lui."
    }
  },
  "tasks": [
     {
      "item": {
	 "item": "minecraft:paper"
      },
      "id": "quest_giver:gift",
      "times": 1
     }
  ],
  "rewards": [
  {
      "command": "/loot give @p loot minecraft:miner1",
      "id": "quest_giver:command"
    }
  ]
}