{
  "parent": "quest_giver:quest_0064_01b",
  "reputation": 18,
  "icon": "supplementaries:slingshot",
  "start": {
    "title": {
      "text": "Lance-pierre"
    },
    "description": {
      "text": "Avez-vous un $(red)lance-pierre$() ? Eh bien, je comprends... Un bon produit est étrangement difficile à réaliser."
    }
  },
  "complete": {
    "title": {
      "text": "Merci !"
    },
    "description": {
      "text": "Oui, c’est exactement ce que j’imaginais ! Hm... Cela n'a pas l'air si impressionnant. On dirait qu'il utilise des pierres comme munitions... Bon, voilà, je n'en ai pas vraiment besoin. Merci de me l'avoir montré !"
    }
  },
  "tasks": [
    {
      "item": {
        "item": "supplementaries:slingshot"
      },
      "id": "quest_giver:gift",
      "times": 1
    }
  ],
  "rewards": [
    {
      "command": "/addreputation reputation:villager @p 2",
      "id": "quest_giver:command"
    },
    {
      "item": {
        "item": "supplementaries:slingshot"
      },
      "id": "quest_giver:item",
      "times": 1
    }
  ]
}