{
  "parent": "quest_giver:root",
  "reputation": 8,
  "icon": "minecraft:map",
  "start": {
    "title": {
      "text": "Envie d'un hamburger"
    },
    "description": {
      "text": "Avez-vous eu le temps de préparer le hamburger ?"
    }
  },
  "complete": {
    "title": {
      "text": "Merci !"
    },
    "description": {
      "text": "C'est merveilleux ! Je le garde pour plus tard. Merci beaucoup."
    }
  },
  "tasks": [
    {
      "item": {
        "item": "farmersdelight:hamburger"
      },
      "id": "quest_giver:gift",
      "times": 1
    }
  ],
  "rewards": [
    {
      "item": {
        "item": "minecraft:emerald"
      },
      "id": "quest_giver:item",
      "times": 2
    },
    {
      "command": "/addreputation reputation:villager @p 2",
      "id": "quest_giver:command"
    }
  ]
}