{
	"parent": "quest_giver:quest_0071_01",
	"reputation": 40,
	"icon": "minecraft:book",
	"start": {
		"title": {
			"text": "Alors ?"
		},
		"description": {
			"text": "S'il vous plaît revenez vers moi si vous trouvez le livre."
		}
	},
	"complete": {
		"title": {
			"text": "Merci !"
		},
		"description": {
			"text": "Ce livre a... des valeurs sentimentales. Les mots ne peuvent exprimer à quel point je suis reconnaissant pour votre service. Tiens, prends ça. J'ai entendu dire que les aventuriers utilisent aussi la magie, n'est-ce pas ?"
		}
	},
	"tasks": [{
		"item": {
			"item": "minecraft:written_book",
			"forge:nbt": "{tag:\"librarian\"}"
		},
		"id": "quest_giver:gift",
		"times": 1
	}],
	"rewards": [{
			"command": "/addreputation reputation:villager @p 1",
			"id": "quest_giver:command"
		},
		{
			"item": {
				"item": "irons_spellbooks:arcane_ingot"
			},
			"id": "quest_giver:item",
			"times": 3
		},
		{
			"item": {
				"item": "minecraft:emerald"
			},
			"id": "quest_giver:item",
			"times": 8
		}
	]
}