{
  "parent": "quest_giver:quest_0033_01b",
  "reputation": 7,
  "icon": "minecraft:beef",
  "start": {
    "title": {
      "text": "Viande exotique"
    },
    "description": {
      "text": "Avez-vous la$(red) viande et la peau de kangourou$()?"
    }
  },
  "complete": {
    "title": {
      "text": "Mazel Tov!"
    },
    "description": {
      "text": "Ahh... alors voilà à quoi ressemble le kangourou. Un morceau de viande tendre en effet... La peau, en revanche, n'est pas aussi bonne que le cuir ordinaire que nous utilisons. Un bon trophée cependant... Merci beaucoup aventurier. Je n'ai pas grand chose à te donner... Tiens, prends ces tranches de bœuf. La carcasse vient d'arriver aujourd'hui donc elle est fraîche !"
    }
  },
  "tasks": [
    {
      "item": {
        "item": "alexsmobs:kangaroo_meat"
      },
      "id": "quest_giver:gift",
      "amount": 1
    },
    {
      "item": {
        "item": "alexsmobs:kangaroo_hide"
      },
      "id": "quest_giver:gift",
      "amount": 1
    }
  ],
  "rewards": [
    {
      "item": {
        "item": "minecraft:beef"
      },
      "id": "quest_giver:item",
      "times": 4
    },
    {
      "command": "/addreputation reputation:villager @p 2",
      "id": "quest_giver:command"
    }
  ]
}