{
  "parent": "quest_giver:quest_0103_01b",
  "reputation": 3,
  "icon": "minecraft:bow",
  "start": {
    "title": {
      "text": "Donc ?"
    },
    "description": {
      "text": "Avez-vous les 2 patchs de $(red)Hemlock$()?"
    }
  },
  "complete": {
    "title": {
      "text": "Merci !"
    },
    "description": {
      "text": "Merci. Maintenant je peux fabriquer le leurre."
    }
  },
  "tasks": [
     {
      "item": {
	 "item": "untamedwilds:flora_hemlock"
      },
      "id": "quest_giver:gift",
      "times": 2
     }
  ],
  "rewards": [
    {
      "item": {
        "item": "minecraft:emerald"
      },
      "id": "quest_giver:item",
      "times": 1
    },
    {
      "command": "/addreputation reputation:village @p 1",
      "id": "quest_giver:command"
    }
  ]
}