{
  "parent": "quest_giver:quest_0051_01b",
  "reputation": 0,
  "icon": "minecraft:wheat_seeds",
  "start": {
    "title": {
      "text": "Alors ?"
    },
    "description": {
      "text": "Avez-vous une $(red)graines de citrouille$() ?"
    }
  },
  "complete": {
    "title": {
      "text": "Merci !"
    },
    "description": {
      "text": "Merci beaucoup, maintenant je peux cultiver une petite ferme de citrouilles derrière chez moi et commencer mes études, haha!"
    }
  },
  "tasks": [
    {
      "item": {
        "item": "minecraft:pumpkin_seeds"
      },
      "id": "quest_giver:gift",
      "times": 1
    }
  ],
  "rewards": [
    {
      "command": "/addreputation reputation:villager @p 3",
      "id": "quest_giver:command"
    },
    {
      "item": {
        "item": "minecraft:emerald"
      },
      "id": "quest_giver:item",
      "times": 1
    }
  ]
}