{
  "parent": "quest_giver:root",
  "reputation": 10,
  "icon": "minecraft:cod",
  "start": {
    "title": {
      "text": "Donc ?"
    },
    "description": {
      "text": "Prêt à apprendre la pêche ? Obtenez-moi 15 émeraudes !"
    }
  },
  "complete": {
    "title": {
      "text": "Merci !"
    },
    "description": {
      "text": "Pas si difficile maintenant, n'est-ce pas? Ne vous balancez pas trop, cela effraie les poissons."
    }
  },
  "tasks": [
    {
      "item": {
        "item": "minecraft:emerald"
      },
      "id": "quest_giver:gift",
      "times": 15
    }
  ],
  "rewards": [
    {
      "command": "/pmmo admin @p add fishing level 1",
      "id": "quest_giver:command"
    }
  ]
}