{
  "parent": "quest_giver:root",
  "reputation": 12,
  "icon": "minecraft:redstone",
  "start": {
    "title": {
      "text": "Donc ?"
    },
    "description": {
      "text": "Je suis désolé pour la description vague... Mais le problème est que je ne sais pas où se trouve la structure ni à quoi elle ressemble. C'est un château de villageois avec un engin du mod Create, je crois que vous le saurez quand vous le verrez."
    }
  },
  "complete": {
    "title": {
      "text": "Merci!"
    },
    "description": {
      "text": "C'est fascinant ! Cependant, je ne pense pas que ces villageois l'aient construit eux-mêmes, ils n'ont pas d'ingénieur avec eux... Quelqu'un les garde là-bas. Quoi qu'il en soit, merci beaucoup. Voici un biscuit."
    }
  },
  "tasks": [
	{
	   "id": "afptweaks:advancement",
	   "advancement": "custom:castle"
	}
  ],
  "rewards": [
    {
      "item": {
        "item": "minecraft:cookie"
      },
      "id": "quest_giver:item",
      "times": 1
    },
    {
      "command": "/addreputation reputation:village @p 2",
      "id": "quest_giver:command"
    }
  ]
}