{
  "parent": "quest_giver:root",
  "reputation": 13,
  "icon": "minecraft:iron_sword",
  "start": {
    "title": {
      "text": "Aidez-moi"
    },
    "description": {
      "text": "Il y a un mangeur d'hommes un $(red)Géant$() vivant près de chez nous. Certains de nos villageois et gardes ont déjà été tués par lui. Les gardes, dont moi, sont trop intimidés par sa taille. Mais pour autant que nous sachions, ce n'est pas trop fort ou intelligent. Je crois que tu pourras le prendre."
    }
  }
}