{
  "parent": "quest_giver:root",
  "reputation": 0,
  "icon": "minecraft:poppy",
  "start": {
    "title": {
      "text": "Alors ?"
    },
    "description": {
      "text": "Avez-vous le $(red)Soul Weed$() ?"
    }
  },
  "complete": {
    "title": {
      "text": "Merci !"
    },
    "description": {
      "text": "Merci beaucoup."
    }
  },
  "tasks": [
     {
      "item": {
	 "item": "nourished_nether:soul_weeds"
      },
      "id": "quest_giver:gift",
      "times": 1
     }
  ],
  "rewards": [
    {
      "command": "/advancement grant @p only custom:trade_florist",
      "id": "quest_giver:command"
    },
    {
      "command": "/addreputation reputation:villager @p 1",
      "id": "quest_giver:command"
    },
    {
      "item": {
        "item": "minecraft:emerald"
      },
      "id": "quest_giver:item",
      "times": 1
    }
  ]
}