{
  "parent": "quest_giver:quest_0005_01b",
  "reputation": 4,
  "icon": "minecraft:wheat_seeds",
  "start": {
    "title": {
      "text": "Alors ?"
    },
    "description": {
      "text": "Avez-vous les $(red)8 os$()?"
    }
  },
  "complete": {
    "title": {
      "text": "Merci !"
    },
    "description": {
      "text": "C'est génial ! Maintenant, mes cultures pousseront plus vite que celles des autres agriculteurs ! Haha ! Merci monsieur, voici une émeraude."
    }
  },
  "tasks": [
    {
      "item": {
        "item": "minecraft:bone"
      },
      "id": "quest_giver:gift",
      "times": 8
    }
  ],
  "rewards": [
    {
      "command": "/addreputation reputation:villager @p 3",
      "id": "quest_giver:command"
    },
    {
      "item": {
        "item": "minecraft:emerald"
      },
      "id": "quest_giver:item",
      "times": 1
    }
  ]
}