{
  "parent": "quest_giver:quest_0083_01b",
  "reputation": 13,
  "icon": "minecraft:iron_axe",
  "start": {
    "title": {
      "text": "Un objet précieux"
    },
    "description": {
      "text": "S'il vous plaît, donnez-moi un morceau de $(red)papier$()."
    }
  },
  "complete": {
    "title": {
      "text": "Merci !"
    },
    "description": {
      "text": "Et voilà, s'il te plaît, rends-moi ma hache bien-aimée. C'était mon plus beau travail à ce jour."
    }
  },
  "tasks": [
     {
      "item": {
	 "item": "minecraft:paper"
      },
      "id": "quest_giver:gift",
      "times": 1
     }
  ],
  "rewards": [
    {
      "command": "/loot give @p loot minecraft:toolsmith1",
      "id": "quest_giver:command"
    }
  ]
}