{
  "parent": "quest_giver:root",
  "reputation": 2,
  "icon": "minecraft:white_wool",
  "start": {
    "title": {
      "text": "Fabrication d'une cisaille"
    },
    "description": {
      "text": "Avez-vous obtenu la $(red)cisaille$()?"
    }
  },
  "complete": {
    "title": {
      "text": "Merci!"
    },
    "description": {
      "text": "Merci beaucoup !"
    }
  },
  "tasks": [
     {
      "item": {
	 "item": "minecraft:shears"
      },
      "id": "quest_giver:gift",
      "times": 1
     }
  ],
  "rewards": [
    {
      "command": "/addreputation reputation:village @p 1",
      "id": "quest_giver:command"
    },
    {
      "command": "/advancement grant @p only custom:trade_shepherd",
      "id": "quest_giver:command"
    }
  ]
}