{
  "parent": "quest_giver:quest_0086_01b",
  "reputation": 37,
  "icon": "minecraft:iron_sword",
  "start": {
    "title": {
      "text": "Une demande urgente"
    },
    "description": {
      "text": "Avez-vous obtenu les $(red)16 lingots de fer$()? Accélère s'il te plaît."
    }
  },
  "complete": {
    "title": {
      "text": "Merci !"
    },
    "description": {
      "text": "Merci, je sais que je ne devrais pas demander à un aventurier de m'aider à collecter des ressources... Mais je n'ai pas vraiment le choix. L'armée de pillards se rapproche, ils arrivent bientôt dans ce village... Faites-moi savoir si vous voulez un contrat d'extermination, je serai ravi de vous le proposer."
    }
  },
  "tasks": [
    {
      "item": {
        "item": "minecraft:iron_ingot"
      },
      "id": "quest_giver:gift",
      "times": 16
    }
  ],
  "rewards": [
    {
      "item": {
        "item": "minecraft:emerald"
      },
      "id": "quest_giver:item",
      "times": 3
    },
    {
      "command": "/addreputation reputation:village @p 6",
      "id": "quest_giver:command"
    }
  ]
}