{
  "parent": "quest_giver:root",
  "reputation": 16,
  "icon": "minecraft:iron_pickaxe",
  "start": {
    "title": {
      "text": "Cœur de dragon"
    },
    "description": "J'ai rencontré un mineur assez étrange il y a quelque temps. Il m'a offert 2 orbes spirituelles pour une carte du monument de l'océan... Je lui ai donné la carte et j'ai obtenu ces orbes inutiles, maintenant je cherche à m'en débarrasser. Courageux aventurier, pourriez-vous m'offrir le cœur d'un $(red)Dragon de glace$()? C'est inestimable pour mes recherches... Je vais vous laisser le temps d'y réfléchir."
    }
  }
}