{
  "parent": "quest_giver:root",
  "reputation": 14,
  "icon": "minecraft:cod",
  "start": {
    "title": {
      "text": "Une demande curieuse"
    },
    "description": {
      "text": "Génial. En gros, un océanographe m'a dit qu'il y avait ces créatures dans la mer appelées gardiens avec des pointes qui sortaient d'elles... Si jamais vous en croisez un et décidez de le tuer, pourriez-vous me donner un de leurs $(red)pique$() comme preuve de leur existence ? L'Océanographe m'a dit que seul le plus gros laisse tomber sa pointe en mourant."
    }
  }
}