{
  "parent": "quest_giver:root",
  "reputation": 10,
  "icon": "minecraft:map",
  "start": {
    "title": {
      "text": "Une faveur"
    },
    "description": {
      "text": "As-tu l'encre et le papier que j'ai demandé ? Je n'ai besoin que d'un exemplaire de chaque."
    }
  },
  "complete": {
    "title": {
      "text": "Merci !"
    },
    "description": {
      "text": "Tu es un sauveur ! Ici, explore et remplis cette carte."
    }
  },
  "tasks": [
    {
      "item": {
        "item": "minecraft:ink_sac"
      },
      "id": "quest_giver:gift",
      "times": 1
    },
    {
      "item": {
        "item": "minecraft:paper"
      },
      "id": "quest_giver:gift",
      "times": 1
    }
  ],
  "rewards": [
    {
      "item": {
        "item": "minecraft:map"
      },
      "id": "quest_giver:item",
      "times": 1
    },
    {
      "command": "/addreputation reputation:villager @p 1",
      "id": "quest_giver:command"
    }
  ]
}