{
  "parent": "quest_giver:quest_0020_01b",
  "reputation": 16,
  "icon": "minecraft:iron_pickaxe",
  "start": {
    "title": {
      "text": "Donc ?"
    },
    "description": {
      "text": "Apportez-moi un morceau de papier? Je vais vous dessiner une carte."
    }
  },
  "complete": {
    "title": {
      "text": "Merci !"
    },
    "description": {
      "text": "Voici. Dites-lui bonjour pour moi."
    }
  },
  "tasks": [
     {
      "item": {
	 "item": "minecraft:paper"
      },
      "id": "quest_giver:gift",
      "times": 1
     }
  ],
  "rewards": [
  {
      "command": "/loot give @p loot minecraft:netherian1",
      "id": "quest_giver:command"
    }
  ]
}