{
  "parent": "quest_giver:quest_0053_01b",
  "reputation": 0,
  "icon": "minecraft:wheat_seeds",
  "start": {
    "title": {
      "text": "Donc ?"
    },
    "description": {
      "text": "Avez-vous les $(red)2 onions$()?"
    }
  },
  "complete": {
    "title": {
      "text": "Merci !"
    },
    "description": {
      "text": "Bon travail, mon garçon. Obtenez-moi $(red)2 graines de melon$() !"
    }
  },
  "tasks": [
    {
      "item": {
        "item": "farmersdelight:onion"
      },
      "id": "quest_giver:gift",
      "times": 2
    }
  ]
}