{
  "parent": "quest_giver:quest_0035_02b",
  "reputation": 35,
  "icon": "minecraft:beef",
  "start": {
    "title": {
      "text": "Incendium"
    },
    "description": {
      "text": "Rappelez-vous, les Ash Barrens dans le Nether. Revenez me voir après votre visite là-bas."
    }
  },
  "complete": {
    "title": {
      "text": "Terminé"
    },
    "description": {
      "text": "C'est fascinant... Merci de m'avoir parlé de cet endroit. Voici votre récompense. Eh bien, c'est parti maintenant... J'ai une décision importante à prendre."
    }
  },
  "tasks": [
    {
		"id": "afptweaks:advancement",
		"advancement": "custom:scarlet_rot"
    }
  ],
  "rewards": [
    {
      "item": {
        "item": "minecraft:emerald"
      },
      "id": "quest_giver:item",
      "times": 5
    }
  ]
}