{
  "parent": "quest_giver:root",
  "reputation": 16,
  "icon": "minecraft:iron_pickaxe",
  "start": {
    "title": {
      "text": "Cœur de dragon"
    },
    "description": {
      "text": "La carte du podium d'invocation vous coûtera 5 émeraudes."
    }
  },
  "complete": {
    "title": {
      "text": "Merci !"
    },
    "description": {
      "text": "Ravi de faire affaire avec vous, mon ami."
    }
  },
  "tasks": [
    {
      "item": {
        "item": "minecraft:emerald"
      },
      "id": "quest_giver:gift",
      "times": 5
    }
  ],
  "rewards": [
    {
      "command": "/loot give @p loot minecraft:cartographer2",
      "id": "quest_giver:command"
    }
  ]
}