{
  "parent": "quest_giver:root",
  "reputation": 16,
  "icon": "minecraft:iron_pickaxe",
  "start": {
    "title": {
      "text": "Aidez-moi"
    },
    "description": {
      "text": "J'ai rencontré un fantôme alors que j'étais dans les mines... C'était une nuit horrible, avec des créatures qui surgissaient partout autour de moi, mais cet esprit bienveillant m'a protégé de tous les monstres qui se présentaient à moi. Avant de partir pour le village, l'esprit m'a dit de chercher des aventuriers et de les lui amener."
    }
  }
}