{
  "parent": "quest_giver:quest_0019_01b",
  "reputation": 16,
  "icon": "minecraft:iron_pickaxe",
  "start": {
    "title": {
      "text": "Alors ?"
    },
    "description": {
      "text": "Pourriez-vous m'apporter une feuille de papier ? Je vais vous dessiner une carte."
    }
  },
  "complete": {
    "title": {
      "text": "Merci !"
    },
    "description": {
      "text": "Voici ce qu'il faut faire. Dites-lui que je lui envoie mes salutations. Sans lui, je ne serais pas là."
    }
  },
  "tasks": [
     {
      "item": {
	 "item": "minecraft:paper"
      },
      "id": "quest_giver:gift",
      "times": 1
     }
  ],
  "rewards": [
	{
		"command": "/dc addWaypoint @p custom:fallen_house \"Demande du mineur - Une âme sœur\"",
		"id": "quest_giver:command"
	},  
    {
      "command": "/loot give @p loot minecraft:miner1",
      "id": "quest_giver:command"
    },
    {
      "command": "/gamestage add @p miner1 true",
      "id": "quest_giver:command"
    }
  ]
}