{
  "parent": "quest_giver:quest_0014_05",
  "reputation": 10,
  "icon": "minecraft:iron_sword",
  "start": {
    "title": {
      "text": "Route vers les porteurs d'yeux"
    },
    "description": {
      "text": "Hm... the Nine Tails n'est pas exactement un humain. Eh bien, vous saurez quand vous le verrez."
    }
  },
  "complete": {
    "title": {
      "text": "Route vers les porteurs d'yeux"
    },
    "description": {
      "text": "Hmmph... À ce stade, je ne suis même pas surpris. Bon travail. The Nine Tails était un esprit notoirement violent … Je ne sais pas pourquoi il a décidé de se retirer dans une grange abandonnée. Quoi qu'il en soit, voici où se trouve le prochain porte-œil. Attention, cela ne ressemble en rien à ceux que vous avez rencontrés auparavant."
    }
  },
  "tasks": [
    {
      "item": {
        "item": "endrem:exotic_eye"
      },
      "id": "quest_giver:item_pickup",
      "times": 1
    }
  ],
  "rewards": [
    {
      "command": "/loot give @p loot minecraft:guildmaster4",
      "id": "quest_giver:command"
    },
    {
      "command": "/pmmo admin @p add magic level 1",
      "id": "quest_giver:command"
    },
    {
      "command": "/pmmo admin @p add smithing level 1",
      "id": "quest_giver:command"
    }
  ]
}