{
  "parent": "quest_giver:quest_0014_02",
  "reputation": 10,
  "icon": "minecraft:iron_sword",
  "start": {
    "title": {
      "text": "Route vers les porteurs d'yeux"
    },
    "description": {
      "text": "Votre première mission est d'exterminer le $(red)Roi gobelin$(). Il peut être trouvé au sommet de son châteaux."
    }
  },
  "complete": {
    "title": {
      "text": "Route vers les porteurs d'yeux"
    },
    "description": {
      "text": "Bon travail. Tu sembles prêt à affronter $(red)l'Ogre$(). l'Ogre habitant à l'endroit marqué tient l'un des yeux."
    }
  },
  "tasks": [
    {
      "entity": "goblinsanddungeons:goblin_king",
      "id": "quest_giver:kill",
      "times": 1
    }
  ],
  "rewards": [
    {
      "command": "/loot give @p loot minecraft:guildmaster1",
      "id": "quest_giver:command"
    }
  ]
}