{
  "parent": "quest_giver:quest_0014_11",
  "reputation": 10,
  "icon": "minecraft:ender_pearl",
  "start": {
    "title": {
      "text": "La Fin... n'est que le Début ??"
    },
    "description": {
      "text": "Si vous voulez savoir... La divinité qui a corrompu l'Ender Dragon... Il est toujours bien vivant. Mais cet être est tout simplement trop puissant, même pour vous. La carte pour l'atteindre est détenue par l'Ender Guardian. Quant à savoir où se trouve l'Ender Guardian... Nos Enderians ont peut-être un indice. Je ne vous conseille pas de poursuivre cela. Vous en avez fait plus qu'assez."
    }
  },
  "complete": {
    "title": {
      "text": "La vraie fin"
    },
    "description": {
      "text": "Je... Je suis désolé d'avoir douté de toi. Vous êtes, vraiment, unique en son genre.                                      - Fin du dialogue -"
    }
  },
  "tasks": [
    {
		"id": "afptweaks:advancement",
		"advancement": "simple_mobs:killelementaldeity"
    }
  ],
  "rewards": [
  ]
}