{
  "parent": "quest_giver:quest_0014_07",
  "reputation": 10,
  "icon": "minecraft:iron_sword",
  "start": {
    "title": {
      "text": "Route vers les porteurs d'yeux"
    },
    "description": {
      "text": "Le chevalier sentinelle a protégé le Guardian Eye pendant des siècles. Aucun des aventuriers que je connais ne l'a jamais dépassé... J'ai entendu dire qu'il détenait la clé qui libère l'œil de son état de sommeil."
    }
  },
  "complete": {
    "title": {
      "text": "Route vers les porteurs d'yeux"
    },
    "description": {
      "text": "Incroyable. Même le chevalier sentinelle n'est pas à votre hauteur... Eh bien, vous approchez de la fin de votre voyage. Comment vous sentez-vous? ... Quoi qu'il en soit, vous devrez invoquer le prochain porte-œil. Tenez, apportez ce nœud de cheveux et la carte à son autel d'invocation."
    }
  },
  "tasks": [
    {
      "item": {
        "item": "endrem:guardian_eye"
      },
      "id": "quest_giver:item_pickup",
      "times": 1
    }
  ],
  "rewards": [
    {
      "command": "/loot give @p loot minecraft:guildmaster6",
      "id": "quest_giver:command"
    },
    {
      "item": {
        "item": "simple_mobs:giant_knot"
      },
      "id": "quest_giver:item",
      "times": 1
    },
    {
      "command": "/gamestage add @p fire_giant",
      "id": "quest_giver:command"
    }
  ]
}