{
	"parent": "quest_giver:quest_0014_01b",
	"reputation": 5,
	"icon": "minecraft:enchanted_book",
	"start": {
		"title": {
			"text": "La compétence de base"
		},
		"description": {
			"text": "Revenez après avoir rempli les conditions - $(red)Tuez 10 pillards$()."
		}
	},
	"complete": {
		"title": {
			"text": "La compétence de base"
		},
		"description": {
			"text": "Il suffit d'ouvrir le livre et d'apprendre la compétence. Si vous souhaitez obtenir plus de livres de compétences, je vous suggère de répondre à certaines des demandes du garde. Bonne chance pour ton voyage."
		}
	},
	"tasks": [{
		"entity": "minecraft:pillager",
		"id": "quest_giver:kill",
		"times": 10
	}],
	"rewards": [{
		"command": "/give @p epicfight:skillbook{skill:\"epicfight:roll\"}",
		"id": "quest_giver:command"
	}]
}