{
  "parent": "quest_giver:quest_0014_03",
  "reputation": 10,
  "icon": "minecraft:iron_sword",
  "start": {
    "title": {
      "text": "Route vers les porteurs d'yeux"
    },
    "description": {
      "text": "L'Ogre est à un niveau différent par rapport au roi gobelin. Procéder avec prudence."
    }
  },
  "complete": {
    "title": {
      "text": "Route vers les porteurs d'yeux"
    },
    "description": {
      "text": "Bien joué. Peut-être pourrez-vous affronter le $(red)Knight Rober$() maintenant. Il est beaucoup plus faible qu'il ne l'était autrefois, mais je suppose qu'il est toujours très dangereux, car il est toujours capable de contenir le pouvoir de l'œil qu'il tient. Voici la carte de sa localisation actuelle."
    }
  },
  "tasks": [
    {
      "item": {
        "item": "endrem:lost_eye"
      },
      "id": "quest_giver:item_pickup",
      "times": 1
    }
  ],
  "rewards": [
    {
      "command": "/loot give @p loot minecraft:guildmaster2",
      "id": "quest_giver:command"
    },
    {
      "command": "/dc enableInvasions @p",
      "id": "quest_giver:command"
    },
    {
      "command": "/pmmo admin @p add endurance level 1",
      "id": "quest_giver:command"
    },
    {
      "command": "/pmmo admin @p add cooking level 1",
      "id": "quest_giver:command"
    }
  ]
}