{
  "parent": "quest_giver:quest_0035_01b",
  "reputation": 35,
  "icon": "minecraft:beef",
  "start": {
    "title": {
      "text": "Affûtage des couteaux"
    },
    "description": {
      "text": "Avez-vous les $(red)5 pierres d'ardoise profonde$() Ma lame s'émousse."
    }
  },
  "complete": {
    "title": {
      "text": "Fini"
    },
    "description": {
      "text": "Bon travail! Comme prévu, ces roches contiennent à la fois des niveaux de grains grossiers et fins. Merci beaucoup! Tiens, prends-le, c'est ta récompense."
    }
  },
  "tasks": [
    {
      "item": {
        "item": "minecraft:deepslate"
      },
      "id": "quest_giver:gift",
      "times": 5
    }
  ],
  "rewards": [
    {
      "item": {
        "item": "minecraft:emerald"
      },
      "id": "quest_giver:item",
      "times": 2
    },
    {
      "command": "/addreputation reputation:village @p 1",
      "id": "quest_giver:command"
    }
  ]
}