{
  "parent": "quest_giver:quest_0035_02b",
  "reputation": 35,
  "icon": "minecraft:beef",
  "start": {
    "title": {
      "text": "L'épée"
    },
    "description": {
      "text": "Curieux sommes-nous ? Eh bien, la vérité est que... Mon frère était un commerçant ambulant, un particulier. Il aimait traverser la dimension du Nether... Même s'il savait à quel point c'était dangereux. Un jour, il est parti et... n'est jamais revenu. Il a laissé une note nous disant qu'il va dans un château dans les landes de cendres. J'allais y aller moi-même pour savoir s'il est vraiment mort ou pas, mais j'ai bien peur de ne jamais revenir aussi. Après tout, des mois se sont écoulés depuis son dernier départ, tout ce que je veux, c'est une fermeture correcte... Il avait un artefact appelé $(light_blue)'Épée glaçante'$(). Pensez-vous que vous pouvez aller dans ce château et voir si vous pouvez trouver cette arme ?"
    }
  }
}