{
	"parent": "quest_giver:quest_0014_01b",
	"reputation": 5,
	"icon": "minecraft:crossbow",
	"start": {
		"title": {
			"text": "Trouver des pillards"
		},
		"description": {
			"text": "Je pensais que vous étiez un aventurier... Très bien. Va me chercher un bout de papier. Je vais vous indiquer où se trouve le camp de pillards le plus proche que nous connaissions."
		}
	},
	"complete": {
		"title": {
			"text": "Carte remplie"
		},
		"description": {
			"text": "Voilà. Il se peut que vous trouviez des pillards plus près. Ces salopards sont infestés partout."
		}
	},
	"tasks": [
        {
          "item": {
             "item": "minecraft:paper"
           },
           "id": "quest_giver:gift",
           "times": 1
    	  }
	],
	"rewards": [    
	{
      "command": "/dc addWaypoint @p #custom:pillager_camp \"Quête principale - Le camp des pillards\"",
      "id": "quest_giver:command"
    },
    {
      "command": "/loot give @p loot minecraft:pillager1",
      "id": "quest_giver:command"
    },
    {
      "command": "/gamestage add @p guildmaster1 true",
      "id": "quest_giver:command"
    }
]
}