{
  "parent": "quest_giver:quest_0014_05",
  "reputation": 10,
  "icon": "minecraft:iron_sword",
  "start": {
    "title": {
      "text": "La route vers les porte-œil"
    },
    "description": {
      "text": "Hm... Le Neuf Queues n'est pas vraiment un humain. Eh bien, vous le saurez quand vous le verrez."
    }
  },
  "complete": {
    "title": {
      "text": "La route vers les porte-œil"
    },
    "description": {
      "text": "Hmmph... A ce stade, je ne suis même pas surpris. C'est une bonne chose. Le Neuf Queues était un esprit notoirement violent... Je ne sais pas pourquoi il a décidé de se retirer dans une grange abandonnée. Quoi qu'il en soit, voici où se trouve le prochain détenteur d'yeux. Attention, il n'a rien à voir avec ceux que vous avez déjà affrontés."
    }
  },
  "tasks": [
    {
      "item": {
        "item": "endrem:exotic_eye"
      },
      "id": "quest_giver:item_pickup",
      "times": 1
    }
  ],
  "rewards": [
	{
		"command": "/dc addWaypoint @p custom:floating_island \"Quête principale - Île flottante\"",
		"id": "quest_giver:command"
	}, 
    {
      "command": "/loot give @p loot minecraft:guildmaster4",
      "id": "quest_giver:command"
    },
    {
      "command": "/pmmo admin @p add magic level 1",
      "id": "quest_giver:command"
    },
    {
      "command": "/pmmo admin @p add smithing level 1",
      "id": "quest_giver:command"
    },
    {
      "command": "/advancement grant @p only simple_mobs:nine_tails_quest_complete",
      "id": "quest_giver:command"
    },
    {
      "command": "/gamestage add @p guildmaster6 true",
      "id": "quest_giver:command"
    }    
  ]
}