{
	"parent": "quest_giver:quest_0014_01b",
	"reputation": 5,
	"icon": "minecraft:enchanted_book",
	"start": {
		"title": {
			"text": "Première affectation"
		},
		"description": {
			"text": "Revenez après avoir rempli les conditions - $(red)Tuer 10 pillards$()."
		}
	},
	"complete": {
		"title": {
			"text": "Première affectation"
		},
		"description": {
			"text": "utilisez-les pour obtenir votre première amélioration auprès des $(green) statues de déesses$()! Je vous recommande de parler à certains des gardes ici si vous voulez apprendre de nouvelles compétences. Bonne chance pour la suite"
		}
	},
	"tasks": [{
		"entity": "minecraft:pillager",
		"id": "quest_giver:kill",
		"times": 10
	}],
	"rewards": [{
		"item": {
			"item": "paraglider:spirit_orb"
		},
		"id": "quest_giver:item",
		"times": 4
		},
		{
			"command": "/dc addWaypoint @p goblinsanddungeons:ruined_keep \"Quête principale - Le donjon du roi des gobelins\"",
			"id": "quest_giver:command"
		}, 
        {
          "command": "/loot give @p loot minecraft:guildmaster0",
          "id": "quest_giver:command"
        },
        {
           "command": "/gamestage add @p guildmaster2 true",
            "id": "quest_giver:command"
        }]
}