{
  "parent": "quest_giver:quest_0014_04",
  "reputation": 10,
  "icon": "minecraft:iron_sword",
  "start": {
    "title": {
      "text": "La route vers les porte-œil"
    },
    "description": {
      "text": "Nous n'avons que très peu d'informations sur le chevalier Rober dans son état actuel, mais il devrait être très affaibli depuis la dernière guerre... Oh, n'oubliez pas d'apporter des perles d'ender. Il a une attaque redoutable à laquelle on ne peut échapper que par téléportation."
    }
  },
  "complete": {
    "title": {
      "text": "La route vers les porte-œil"
    },
    "description": {
      "text": "Wow, tu as battu le chevalier Rober, hein. C'était un dur à cuire ? À l'époque, c'était l'un des adversaires les plus effrayants que l'on pouvait affronter en duel, mais je suppose que l'âge l'a finalement rattrapé. Le prochain porteur d'yeux est un autre humain. Il vit actuellement en paix dans sa ferme... Voici la carte de son emplacement."
    }
  },
  "tasks": [
    {
      "item": {
        "item": "endrem:rogue_eye"
      },
      "id": "quest_giver:item_pickup",
      "times": 1
    }
  ],
  "rewards": [
	{
		"command": "/dc addWaypoint @p custom:ninetail_farm \"Quête principale - La ferme de Ninetail\"",
		"id": "quest_giver:command"
	}, 
    {
      "command": "/loot give @p loot minecraft:guildmaster3",
      "id": "quest_giver:command"
    },
    {
      "command": "/pmmo admin @p add crafting level 1",
      "id": "quest_giver:command"
    },
    {
      "command": "/pmmo admin @p add engineering level 1",
      "id": "quest_giver:command"
    },
    {
      "command": "/advancement grant @p only simple_mobs:knight_rober_quest_complete",
      "id": "quest_giver:command"
    },
    {
      "command": "/gamestage add @p guildmaster5 true",
      "id": "quest_giver:command"
    }    
  ]
}