{
  "parent": "quest_giver:quest_0014_09",
  "reputation": 10,
  "icon": "minecraft:ender_pearl",
  "start": {
    "title": {
      "text": "La fin de la route"
    },
    "description": {
      "text": "Je n'ai pas d'autres informations à vous donner, mon ami. Suis ta vocation."
    }
  },
  "complete": {
    "title": {
      "text": "La fin... n'est que le début... ?"
    },
    "description": {
      "text": "Alors... vous avez vaincu le dragon. Je suppose que cela fait de vous le nouveau souverain du royaume. Félicitations, courageux conquérant. Vous avez fait... tout ce que vous pouviez. Maintenant, si vous voulez bien m'excuser."
    }
  },
  "tasks": [
    {
		"id": "afptweaks:advancement",
		"advancement": "minecraft:end/kill_dragon"
    }
  ],
  "rewards": [
  ]
}