{
  "parent": "quest_giver:quest_0014_07",
  "reputation": 10,
  "icon": "minecraft:iron_sword",
  "start": {
    "title": {
      "text": "La route vers les porte-œil"
    },
    "description": {
      "text": "Le Chevalier Sentinelle a protégé l'Œil du Gardien pendant des siècles. Aucun des aventuriers que je connais n'a réussi à l'atteindre... J'ai entendu dire qu'il détenait la clé qui libère l'oeil de son état dormant."
    }
  },
  "complete": {
    "title": {
      "text": "La route vers les porte-œil"
    },
    "description": {
      "text": "C'est incroyable. Même le Chevalier Sentinelle n'est pas à la hauteur... Vous approchez de la fin de votre voyage. Comment vous sentez-vous ? ... Quoi qu'il en soit, vous devez invoquer le prochain porteur d'yeux. Prenez ce noeud de cheveux et la carte pour vous rendre à l'autel d'invocation."
    }
  },
  "tasks": [
    {
      "item": {
        "item": "endrem:guardian_eye"
      },
      "id": "quest_giver:item_pickup",
      "times": 1
    }
  ],
  "rewards": [
	{
		"command": "/dc addWaypoint @p custom:giant_altar \"Quête principale - L'autel du géant de feu\"",
		"id": "quest_giver:command"
	},
    {
      "command": "/loot give @p loot minecraft:guildmaster6",
      "id": "quest_giver:command"
    },
    {
      "item": {
        "item": "simple_mobs:giant_knot"
      },
      "id": "quest_giver:item",
      "times": 1
    },
    {
      "command": "/gamestage add @p fire_giant",
      "id": "quest_giver:command"
    },
    {
      "command": "/advancement grant @p only simple_mobs:sentinel_knight_quest_complete",
      "id": "quest_giver:command"
    },
    {
      "command": "/gamestage add @p guildmaster8 true",
      "id": "quest_giver:command"
    }    
  ]
}