{
  "parent": "quest_giver:quest_0014_08",
  "reputation": 10,
  "icon": "minecraft:iron_sword",
  "start": {
    "title": {
      "text": "La fin de la route"
    },
    "description": {
      "text": "Le géant de feu a disparu de notre royaume il y a de nombreuses lunes. Nous avons pu extraire un nœud de ses cheveux avant qu'il ne parte. Les grands clercs ont enchanté l'objet, ce qui devrait théoriquement vous permettre d'invoquer le géant si vous offrez l'objet à l'autel. Si jamais vous perdez le nœud de cheveux, combinez une charge de feu avec une potion de résistance au feu de base dans un stand de brassage pour invoquer à nouveau l'objet."
    }
  },
  "complete": {
    "title": {
      "text": "La fin de la route"
    },
    "description": {
      "text": "Eh bien, je suis sans voix... Nous y voilà, aventurier. Vous avez vaincu tous les porteurs d'yeux. Si vous avez déjà acquis 12 yeux, cherchez le portail de la Fin. Que Dieu vous garde."
    }
  },
  "tasks": [
    {
      "item": {
        "item": "endrem:corrupted_eye"
      },
      "id": "quest_giver:item_pickup",
      "times": 1
    }
  ],
  "rewards": [
    {
      "command": "/addreputation reputation:village @p 10",
      "id": "quest_giver:command"
    }
  ]
}