{
  "parent": "quest_giver:quest_0014_03",
  "reputation": 10,
  "icon": "minecraft:iron_sword",
  "start": {
    "title": {
      "text": "La route vers les porte-œil"
    },
    "description": {
      "text": "L'ogre est d'un autre niveau que le roi des gobelins. Soyez prudent."
    }
  },
  "complete": {
    "title": {
      "text": "La route vers les porte-œil"
    },
    "description": {
      "text": "Peut-être serez-vous en mesure d'affronter $(red)Knight Rober$() maintenant. Il est beaucoup plus faible qu'avant, mais je suppose qu'il reste très dangereux, car il est encore capable de contenir le pouvoir de l'oeil qu'il tient. Voici la carte de l'endroit où il se trouve actuellement."
    }
  },
  "tasks": [
    {
      "item": {
        "item": "endrem:lost_eye"
      },
      "id": "quest_giver:item_pickup",
      "times": 1
    }
  ],
  "rewards": [
	{
		"command": "/dc addWaypoint @p custom:arena \"Quête principale - L'arène du chevalier Rober\"",
		"id": "quest_giver:command"
	}, 
    {
      "command": "/loot give @p loot minecraft:guildmaster2",
      "id": "quest_giver:command"
    },
    {
      "command": "/dc enableInvasions @p",
      "id": "quest_giver:command"
    },
    {
      "command": "/pmmo admin @p add endurance level 1",
      "id": "quest_giver:command"
    },
    {
      "command": "/pmmo admin @p add cooking level 1",
      "id": "quest_giver:command"
    },
    {
      "command": "/gamestage add @p AdvancedSmelting true",
      "id": "quest_giver:command"
    },
    {
      "command": "/advancement grant @p only simple_mobs:corrupt_ogre_quest_complete",
      "id": "quest_giver:command"
    },
    {
      "command": "/gamestage add @p guildmaster4 true",
      "id": "quest_giver:command"
    }
  ]
}