{
  "parent": "quest_giver:quest_0014_01",
  "reputation": 10,
  "icon": "minecraft:compass",
  "start": {
    "title": {
      "text": "Les yeux sans surveillance"
    },
    "description": {
      "text": "À ma connaissance, il y a actuellement 7 yeux qui ne sont pas surveillés par des détenteurs d'yeux. Ceux que l'on peut trouver dans les structures comprennent le Maudit et le Vieux. Quant aux autres... Je pense que la plupart d'entre eux peuvent être fabriqués avec les forces vitales de notre royaume, tandis que certains ont pu être volés par des bosses. Les habitants des environs en savent peut-être plus que moi à ce sujet. En revanche, je sais que les clercs sont actuellement en possession de l'Oeil maléfique."
    }
  },
  "complete": {
    "title": {
      "text": "Les yeux sans surveillance"
    },
    "description": {
      "text": "Je pense qu'il n'est plus nécessaire de chercher les yeux ?"
    }
  },
  "tasks": [
    {
		"id": "afptweaks:advancement",
		"advancement": "minecraft:end/kill_dragon"
    }
  ],
  "rewards": [
  ]
}