{
  "parent": "quest_giver:root",
  "reputation": 16,
  "icon": "minecraft:bow",
  "start": {
    "title": {
      "text": "Aidez-moi"
    },
    "description": {
      "text": "C'est un $(red)Cave Dweller$() résidant dans une grotte près de chez nous. Cette créature est extrêmement dangereuse... Nos prêtres pensent qu'elle surgira un jour d'en bas et nous massacrera tous... Pouvez-vous exterminer cette créature et m'amener $(red)des parties de son loot$() comme preuve ?"
    }
  }
}