{
  "parent": "quest_giver:quest_0110_01",
  "reputation": 16,
  "icon": "minecraft:iron_sword",
  "start": {
    "title": {
      "text": "Alors ?"
    },
    "description": {
      "text": "Avez-vous déjà exterminé l'habitant des cavernes ? Si c'est le cas, apportez-moi son loot"
    }
  },
  "complete": {
    "title": {
      "text": "Merci !"
    },
    "description": {
      "text": "C'est étrange d'imaginer une créature avec une armure naturelle aussi résistante... Eh bien, je suis content qu'elle soit morte. Ici, je vais vous apprendre une nouvelle compétence en guise de paiement : Dual GreatSword."
    }
  },
  "tasks": [
    {
      "item": {
        "item": "simple_mobs:dweller_armor_fragment"
      },
      "id": "quest_giver:gift",
      "times": 1
    }
  ],
  "rewards": [
    {
      "command": "/give @p epicfight:skillbook{skill:\"efdg:dualgreatsword\"}",
      "id": "quest_giver:command"
    }
  ]
}