{
  "parent": "quest_giver:root",
  "reputation": 16,
  "icon": "minecraft:iron_pickaxe",
  "start": {
    "title": {
      "text": "Aidez-moi"
    },
    "description": {
      "text": "Merci beaucoup... J'étais en voyage avec ma famille, jusqu'à ce que nous tombions sur ce... loup. Mais cela n'a pas agi comme tel. Au contraire, il se comportait plus comme... un homme. Il a couru vers nous dès qu'il a posé les yeux sur nous, et... eh bien, je suis le seul à m'en être sorti vivant. C'était il y a 2 ans, mais je me souviens encore de l'endroit où c'est arrivé. S'il vous plaît, exterminez cette créature. Vengez ma famille."
    }
  }
}