{
  "parent": "quest_giver:quest_0115_01b",
  "reputation": 10,
  "icon": "minecraft:iron_axe",
  "start": {
    "title": {
      "text": "Une offre"
    },
    "description": {
      "text": "6 émeraudes si vous voulez que je vous montre où se trouve la monstruosité dans le Nether."
    }
  },
  "complete": {
    "title": {
      "text": "Merci !"
    },
    "description": {
      "text": "Voilà, bonne chasse ! N'oubliez pas que cette carte ne fonctionnera que si vous l'ouvrez dans le Nether. Rouler cette carte ouverte ici ne vous donnera qu'une carte vierge."
    }
  },
  "tasks": [
     {
      "item": {
	 "item": "minecraft:emerald"
      },
      "id": "quest_giver:gift",
      "amount": 6
     }
  ],
  "rewards": [
    {
      "item": {
        "item": "simple_mobs:rolled_map_1"
      },
      "id": "quest_giver:item",
      "times": 1
    }
  ]
}