{
  "parent": "quest_giver:root",
  "reputation": 5,
  "icon": "minecraft:book",
  "start": {
    "title": {
      "text": "Une conversation amicale"
    },
    "description": {
      "text": "Dans les annales du temps, notre monde ne portait aucun murmure obscur jusqu'à ce qu'un souverain assoiffé de pouvoir change le destin. Le Roi Mort, animé par une ambition insatiable, a consacré son travail et ses richesses à percer les mystères de la magie. Sa poursuite incessante a donné naissance à des créatures aberrantes, jetant un voile inquiétant sur notre royaume autrefois tranquille. Des rumeurs persistent selon lesquelles même après sa mort, son cadavre est devenu un canal pour les forces mêmes qu'il cherchait à commander. Méfiez-vous, brave homme, car les ombres de son obsession persistent. À mesure que vous avancez plus profondément, sachez ceci : le Roi Mort vous attend, sa carapace sans vie étant désormais un vaisseau pour la malveillance de la magie. Préparez-vous à une confrontation pas comme les autres !"
    }
  }
}