{
  "parent": "quest_giver:root",
  "reputation": 5,
  "icon": "minecraft:pumpkin",
  "start": {
    "title": {
      "text": "Citrouille farcie"
    },
    "description": {
      "text": "Avez-vous cuisiné la $(yellow)Citrouille farcie$() ? Ne vous inquiétez pas, je comprends que cela prend du temps !"
    }
  },
  "complete": {
    "title": {
      "text": "Terminé"
    },
    "description": {
      "text": "Ça sent merveilleusement bon ! Merci beaucoup, cela nourrira ma famille pendant des jours."
    }
  },
  "tasks": [
    {
      "item": {
        "item": "farmersdelight:stuffed_pumpkin_block"
      },
      "id": "quest_giver:gift",
      "amount": 1
    }
  ],
  "rewards": [
    {
      "item": {
        "item": "minecraft:emerald"
      },
      "id": "quest_giver:item",
      "times": 1
    },
    {
      "command": "/addreputation reputation:villager @p 1",
      "id": "quest_giver:command"
    },
    {
      "command": "/advancement grant @p only custom:trade_butcher",
      "id": "quest_giver:command"
    }
  ]
}