{
  "parent": "quest_giver:root",
  "reputation": 16,
  "icon": "minecraft:iron_pickaxe",
  "start": {
    "title": {
      "text": "Carte pour Ender Guardian"
    },
    "description": {
      "text": "Rien n'est gratuit mon ami. Donnez-moi 5 émeraudes et je vous donnerai la direction de l'Ender Guardian."
    }
  },
  "complete": {
    "title": {
      "text": "Merci !"
    },
    "description": {
      "text": "Très bien, voilà. N'oubliez pas : n'ouvrez pas cette carte avant d'être réellement arrivé dans l'end. Ne dites pas que je ne vous ai pas prévenu."
    }
  },
  "tasks": [
    {
      "item": {
        "item": "minecraft:emerald"
      },
      "id": "quest_giver:gift",
      "times": 5
    }
  ],
  "rewards": [
    {
      "item": {
        "item": "simple_mobs:rolled_map_3"
      },
      "id": "quest_giver:item",
      "times": 1
    },
    {
      "command": "/gamestage add @p enderian1 true",
      "id": "quest_giver:command"
    }
  ]
}