{
  "parent": "quest_giver:quest_0063_01b",
  "reputation": 0,
  "icon": "minecraft:arrow",
  "start": {
    "title": {
      "text": "Artisanat des flèches"
    },
    "description": {
      "text": "Avez-vous les $(red)4 bûches de sapin$() ?"
    }
  },
  "complete": {
    "title": {
      "text": "Merci !"
    },
    "description": {
      "text": "Bon travail. Voici une émeraude pour votre travail."
    }
  },
  "tasks": [
    {
      "item": {
        "item": "minecraft:spruce_log"
      },
      "id": "quest_giver:gift",
      "times": 4
    }
  ],
  "rewards": [
    {
      "command": "/addreputation reputation:villager @p 1",
      "id": "quest_giver:command"
    },
    {
      "item": {
        "item": "minecraft:emerald"
      },
      "id": "quest_giver:item",
      "times": 1
    }
  ]
}