{
  "parent": "quest_giver:root",
  "reputation": 6,
  "icon": "minecraft:redstone",
  "start": {
    "title": {
      "text": "Alors ?"
    },
    "description": {
      "text": "Avez-vous $(red)10 poudre de redstone$()"
    }
  },
  "complete": {
    "title": {
      "text": "Merci !"
    },
    "description": {
      "text": "Merci, voilà."
    }
  },
  "tasks": [
     {
      "item": {
	 "item": "minecraft:redstone"
      },
      "id": "quest_giver:gift",
      "times": 10
     }
  ],
  "rewards": [
    {
      "command": "/advancement grant @p only custom:trade_engineer",
      "id": "quest_giver:command"
    },
    {
      "command": "/addreputation reputation:villager @p 2",
      "id": "quest_giver:command"
    },
    {
      "item": {
        "item": "minecraft:emerald"
      },
      "id": "quest_giver:item",
      "times": 5
    }
  ]
}