{
  "parent": "quest_giver:root",
  "reputation": 15,
  "icon": "minecraft:paper",
  "start": {
    "title": {
      "text": "Une tâche impossible!"
    },
    "description": {
      "text": "Enfin quelqu'un à qui parler ! Laissez-moi vous dire quelque chose : il y a un palais flottant géant sans racines quelque part dans ce royaume. Peu de gens le savent, encore moins où il se trouve... Je vais vous dire ce que je sais. Si jamais vous avez la chance d’être béni par une orque, dites-moi exactement comment cela s’est produit et ce que cela vous a fait ressentir. Faites-le et je vous dirai où se trouve le palais, gratuitement ! Un puissant sorcier réside dans ce palais et a caché son trésor au plus profond de son noyau. En tant qu’aventurier, cela doit vous paraître séduisant, hein ?" 
    }
  }
}