{
  "parent": "quest_giver:quest_0124_01b",
  "reputation": 15,
  "icon": "minecraft:map",
  "start": {
    "title": {
      "text": "Une tâche impossible !"
    },
    "description": {
      "text": "Avez-vous déjà reçu la bénédiction de l'Orque ?"
    }
  },
  "complete": {
    "title": {
      "text": "Merci !"
    },
    "description": {
      "text": "Intéressant... c'est comme ça que ça se passe. Vous êtes un homme fascinant. Je suis contente de t'avoir croisé !"
    }
  },
  "tasks": [
    {
		"id": "afptweaks:advancement",
		"advancement": "alexsmobs:alexsmobs/orcas_might"
    }
  ],
  "rewards": [
    {
      "command": "/dc addWaypoint @p custom:rootless \"Palais flottant\"",
      "id": "quest_giver:command"
    },  
    {
      "command": "/loot give @p loot minecraft:hunter1",
      "id": "quest_giver:command"
    },
    {
      "command": "/addreputation reputation:villager @p 3",
      "id": "quest_giver:command"
    },
    {
      "command": "/gamestage add @p hunter1 true",
      "id": "quest_giver:command"
    }
  ]
}