{
  "parent": "quest_giver:root",
  "reputation": 10,
  "icon": "minecraft:stone",
  "start": {
    "title": {
      "text": "Donc ?"
    },
    "description": {
      "text": "Que dites-vous? 10 émeraudes pour apprendre à utiliser le tailleur de pierre."
    }
  },
  "complete": {
    "title": {
      "text": "Merci !"
    },
    "description": {
      "text": "Voilà !"
    }
  },
  "tasks": [
    {
      "item": {
        "item": "minecraft:emerald"
      },
      "id": "quest_giver:gift",
      "times": 10
    }
  ],
  "rewards": [
    {
      "command": "/pmmo admin @p add woodcutting level 1",
      "id": "quest_giver:command"
    }
  ]
}