{
  "parent": "quest_giver:root",
  "reputation": 4,
  "icon": "minecraft:wheat_seeds",
  "start": {
    "title": {
      "text": "Alors ?"
    },
    "description": {
      "text": "Les épices semblent être la nouvelle mode dans ce village... Je cherche à cultiver le piment le plus fort connu et à faire du profit, haha ​​! Avez-vous entendu parler d'une sorte de poivre appelé « poivre fantôme » que l'on trouve dans le Nether ? Eh bien, j'ai besoin que tu récupères $(red)3 de ces ghost peppers$() et apporte-les-moi."
    }
  }
}