{
  "parent": "quest_giver:quest_0061_01b",
  "reputation": 0,
  "icon": "minecraft:arrow",
  "start": {
    "title": {
      "text": "Fabrication de flèches"
    },
    "description": {
      "text": "Avez-vous obtenu les $(red)2 plumes$() ?"
    }
  },
  "complete": {
    "title": {
      "text": "Merci !"
    },
    "description": {
      "text": "Merci. Voici les flèches comme promis."
    }
  },
  "tasks": [
    {
      "item": {
        "item": "minecraft:feather"
      },
      "id": "quest_giver:gift",
      "times": 2
    }
  ],
  "rewards": [
    {
      "command": "/advancement grant @p only custom:trade_fletcher",
      "id": "quest_giver:command"
    },
    {
      "command": "/addreputation reputation:village @p 2",
      "id": "quest_giver:command"
    },
    {
      "item": {
        "item": "minecraft:arrow"
      },
      "id": "quest_giver:item",
      "times": 5
    }
  ]
}