{
  "parent": "quest_giver:quest_0048_02",
  "reputation": 25,
  "icon": "minecraft:brewing_stand",
  "start": {
    "title": {
      "text": "Gardes"
    },
    "description": {
      "text": "Tu veux toujours quelque chose, « héros » ? Eh bien, vous voulez apprendre à utiliser le chaudron mélangeur ? Tuez 3 gardes villageois pour moi. J'ai besoin de leur sacrifice pour... Eh bien, cela ne vous regarde pas. Tuez-en simplement 3. Les plus calmes, ne choisissez pas les bavards qui vous confient une tâche. Et faites-le tranquillement... si vous le pouvez. Je ne veux pas être lié au meurtre."
    }
  }
}