{
  "parent": "quest_giver:root",
  "reputation": 6,
  "icon": "minecraft:log",
  "start": {
    "title": {
      "text": "Alors ?"
    },
    "description": {
      "text": "Avez-vous obtenu une bûche de$(red)Purple Archwood Log$() ?"
    }
  },
  "complete": {
    "title": {
      "text": "Merci !"
    },
    "description": {
      "text": "Merci. Voici votre récompense."
    }
  },
  "tasks": [
    {
      "item": {
        "item": "ars_nouveau:purple_archwood_wood"
      },
      "id": "quest_giver:gift",
      "times": 1
     }
  ],
  "rewards": [
    {
      "item": {
        "item": "minecraft:emerald"
      },
      "id": "quest_giver:item",
      "times": 1
    },
    {
      "command": "/addreputation reputation:village @p 1",
      "id": "quest_giver:command"
    },
    {
      "command": "/advancement grant @p only custom:trade_woodworker",
      "id": "quest_giver:command"
    }
  ]
}