{
  "parent": "quest_giver:root",
  "reputation": 16,
  "icon": "minecraft:iron_pickaxe",
  "start": {
    "title": {
      "text": "Aidez-moi"
    },
    "description": {
      "text": "J'ai entendu dire par les voyageurs errants qu'ils avaient repéré un monstre gigantesque avec des pointes de pierres précieuses sur le dos il y a quelque temps. Ils disent qu'il était situé dans une zone couverte de pointes d'obsidienne... Je suis assez curieux des gemmes que cette créature possède. Pourriez-vous m'apporter un morceau de papier ? Je vais vous montrer où c'est."
    }
  }
}