{
  "parent": "quest_giver:quest_0113_01b",
  "reputation": 16,
  "icon": "minecraft:iron_pickaxe",
  "start": {
    "title": {
      "text": "Donc ?"
    },
    "description": {
      "text": "Pourriez-vous m'apporter un morceau de papier ? Je vais vous dessiner une carte."
    }
  },
  "complete": {
    "title": {
      "text": "Merci !"
    },
    "description": {
      "text": "Veuillez vous rendre à cet endroit et essayer d'extraire les gemmes de la créature. Apportez-moi les gemmes s'il vous plaît. Je ferai en sorte que cela en vaille la peine."
    }
  },
  "tasks": [
     {
      "item": {
	 "item": "minecraft:paper"
      },
      "id": "quest_giver:gift",
      "times": 1
     }
  ],
  "rewards": [
  {
      "command": "/loot give @p loot minecraft:weaponsmith1",
      "id": "quest_giver:command"
    }
  ]
}