{
	"parent": "quest_giver:root",
	"reputation": 12,
	"icon": "minecraft:iron_sword",
	"start": {
		"title": {
			"text": "Alors ?"
		},
		"description": {
			"text": "Je peux vous enseigner la compétence Évasion d'urgence. Il suffit de me payer 15 émeraudes."
		}
	},
	"complete": {
		"title": {
			"text": "Merci !"
		},
		"description": {
			"text": "Et voilà."
		}
	},
	"tasks": [{
		"item": {
			"item": "minecraft:emerald"
		},
      "id": "quest_giver:gift",
      "times": 15
	}],
	"rewards": [{
		"command": "/give @p epicfight:skillbook{skill:\"epicfight:emergency_escape\"}",
		"id": "quest_giver:command"
	}]
}