{
	"parent": "quest_giver:quest_0052_01b",
	"reputation": 1,
	"icon": "minecraft:wheat_seeds",
	"start": {
		"title": {
			"text": "Donc ?"
		},
		"description": {
			"text": "Déjà oublié ? Ne vous inquiétez pas, laissez-moi vous rappeler. j'ai besoin d'une$(red)botte de paille$()."
		}
	},
	"complete": {
		"title": {
			"text": "Merci !"
		},
		"description": {
			"text": "Une botte de paille ! Maintenant, nous pouvons fabriquer nous-mêmes de nouveaux chapeaux de paille ! Merci étranger."
		}
	},
	"tasks": [{
		"item": {
			"item": "farmersdelight:straw_bale"
		},
		"id": "quest_giver:gift",
		"times": 1
	}],
	"rewards": [{
			"command": "/advancement grant @p only custom:trade_farmer",
			"id": "quest_giver:command"
		},
		{
			"command": "/addreputation reputation:village @p 1",
			"id": "quest_giver:command"
		},
		{
			"item": {
				"item": "minecraft:emerald"
			},
			"id": "quest_giver:item",
			"times": 1
		}
	]
}