{
  "parent": "quest_giver:root",
  "reputation": 6,
  "icon": "minecraft:redstone",
  "start": {
    "title": {
      "text": "Donc ?"
    },
    "description": {
      "text": "As-tu les $(red)10 poudres de redstones$() ?"
    }
  },
  "complete": {
    "title": {
      "text": "Merci!"
    },
    "description": {
      "text": "Merci."
    }
  },
  "tasks": [
     {
      "item": {
	 "item": "minecraft:redstone"
      },
      "id": "quest_giver:gift",
      "times": 10
     }
  ],
  "rewards": [
    {
      "command": "/advancement grant @p only custom:trade_engineer",
      "id": "quest_giver:command"
    },
    {
      "command": "/addreputation reputation:village @p 2",
      "id": "quest_giver:command"
    },
    {
      "item": {
        "item": "minecraft:emerald"
      },
      "id": "quest_giver:item",
      "times": 5
    }
  ]
}