{
  "parent": "quest_giver:root",
  "reputation": 8,
  "icon": "minecraft:book",
  "start": {
    "title": {
      "text": "Connaissances en foresterie"
    },
    "description": {
      "text": "Merci d'avoir écouté ma demande. Je me suis récemment intéressé à la foresterie et j'ai donc beaucoup étudié les arbres dans notre dimension ; Cependant, il semble qu'il existe d'autres types d'arbres particuliers dans d'autres dimensions, comme Everbright et Everdawn. Pensez-vous pouvoir m'aider à rassembler un bloc de feuille de $(red)Dusk Leaves, Maple Leaves, and Starlight Leaves$() each for my research? "
    }
  }
}