{
  "parent": "quest_giver:root",
  "reputation": 5,
  "icon": "minecraft:book",
  "start": {
    "title": {
      "text": "Une conversation amicale"
    },
    "description": {
      "text": "Saviez-vous que vous pouvez automatiser certains processus tels que l'agriculture ou l'exploitation minière en utilisant des lutins ars nouveau ? Vous pouvez également le faire avec le mod create, des engins... Mais vous devrez peut-être parler à un ingénieur pour apprendre à l'utiliser."
    }
  }
}