{
  "parent": "quest_giver:root",
  "reputation": 7,
  "icon": "minecraft:beef",
  "start": {
    "title": {
      "text": "Viande Exotique"
    },
    "description": {
      "text": "Ici, dans le village, nous n'obtenons généralement que les types de viande habituels. J'ai entendu dire qu'il existe des créatures appelées kangourous qui ont de la viande tendre et juteuse sur la queue. Pourriez-vous m'apporter un morceau de leur viande ? Et j'aimerais aussi jeter un œil à leur peau."
    }
  }
}