{
  "parent": "quest_giver:quest_0040_02b",
  "reputation": 15,
  "icon": "minecraft:map",
  "start": {
    "title": {
      "text": "Alors ?"
    },
    "description": {
      "text": "Alors, vous avez l'écaille ?"
    }
  },
  "complete": {
    "title": {
      "text": "Merci !"
    },
    "description": {
      "text": "Eh bien, qu'avons-nous ici. J'espère que cette tâche ne vous a pas laissé de cicatrice, haha ! Voici votre récompense, j'ai entendu dire que votre espèce aime les diamants."
    }
  },
  "tasks": [
    {
      "item": {
        "item": "alexsmobs:crocodile_scute"
      },
      "id": "quest_giver:gift",
      "times": 1
    }
  ],
  "rewards": [
    {
      "item": {
        "item": "minecraft:diamond"
      },
      "id": "quest_giver:item",
      "times": 2
    },
    {
      "command": "/addreputation reputation:villager @p 2",
      "id": "quest_giver:command"
    }
  ]
}