{
  "parent": "quest_giver:root",
  "reputation": 15,
  "icon": "minecraft:map",
  "start": {
    "title": {
      "text": "Une tâche impossible !"
    },
    "description": {
      "text": "Gagnez le droit de manier Antitheus en accomplissant deux tâches: Monter sur un laviathan avec trois autres passagers et tondre un moobloom."
    }
  },
  "complete": {
    "title": {
      "text": "Merci !"
    },
    "description": {
      "text": "Félicitations ! Le voici. Ce blaster est un puissant coup de poing doté d'une énorme source d'énergie."
    }
  },
  "tasks": [
    {
		"id": "afptweaks:advancement",
		"advancement": "alexsmobs:alexsmobs/laviathan_four_passengers"
    },
    {
		"id": "afptweaks:advancement",
		"advancement": "friendsandfoes:husbandry/shear_a_moobloom"
    }
  ],
  "rewards": [
    {
      "item": {
        "item": "wom:antitheus"
      },
      "id": "quest_giver:item",
      "times": 1
    }
  ]
}