{
  "parent": "quest_giver:quest_0098_01b",
  "reputation": 20,
  "icon": "minecraft:redstone",
  "start": {
    "title": {
      "text": "Alors ?"
    },
    "description": {
      "text": "Avez-vous vaincu le golem terrestre et obtenu son $(red)oeil$() ?"
    }
  },
  "complete": {
    "title": {
      "text": "Merci !"
    },
    "description": {
      "text": "Par le Ciel ! C’est l’un des objets les plus fascinants que j’ai jamais vu. C'est bien plus que ce que j'avais imaginé. Tiens, prends ces redstones en guise de paiement. Je suis désolé mais je n'ai pas d'émeraudes sur moi pour le moment."
    }
  },
  "tasks": [
     {
      "item": {
	 "item": "ba_bt:guardian_eye_land"
      },
      "id": "quest_giver:gift",
      "times": 1
     }
  ],
  "rewards": [
    {
      "item": {
        "item": "minecraft:redstone"
      },
      "id": "quest_giver:item",
      "times": 32
    },
    {
      "command": "/addreputation reputation:villager @p 2",
      "id": "quest_giver:command"
    }
  ]
}