{
  "parent": "quest_giver:quest_0066_01b",
  "reputation": 24,
  "icon": "minecraft:leather",
  "start": {
    "title": {
      "text": "Alors ?"
    },
    "description": {
      "text": "Vous avez la marchandise ? $(red)2 Fourrure d'ours noir$()."
    }
  },
  "complete": {
    "title": {
      "text": "Merci !"
    },
    "description": {
      "text": "Merci. Ici, c'est un plaisir de faire affaire avec vous."
    }
  },
  "tasks": [
    {
      "item": {
        "item": "untamedwilds:hide_bear_black"
      },
      "id": "quest_giver:gift",
      "times": 2
    }
  ],
  "rewards": [
    {
      "command": "/advancement grant @p only custom:trade_leatherworker",
      "id": "quest_giver:command"
    },
    {
      "command": "/addreputation reputation:villager @p 2",
      "id": "quest_giver:command"
    },
    {
      "item": {
        "item": "minecraft:emerald"
      },
      "id": "quest_giver:item",
      "times": 8
    }
  ]
}