{
  "parent": "quest_giver:quest_0020_01b",
  "reputation": 16,
  "icon": "minecraft:iron_pickaxe",
  "start": {
    "title": {
      "text": "Alors ?"
    },
    "description": {
      "text": "Vous me donnez une feuille de papier ? Je vais vous dessiner une carte."
    }
  },
  "complete": {
    "title": {
      "text": "Merci !"
    },
    "description": {
      "text": "Voilà. Dites-lui bonjour de ma part."
    }
  },
  "tasks": [
     {
      "item": {
	 "item": "minecraft:paper"
      },
      "id": "quest_giver:gift",
      "times": 1
     }
  ],
  "rewards": [
	{
		"command": "/dc addWaypoint @p custom:cult_informer_ruin \"Demande de Netherian\"",
		"id": "quest_giver:command"
	}, 
    {
      "command": "/loot give @p loot minecraft:netherian1",
      "id": "quest_giver:command"
    },
    {
      "command": "/gamestage add @p netherian1 true",
      "id": "quest_giver:command"
    }
  ]
}