{
  "parent": "quest_giver:quest_0040_01b",
  "reputation": 15,
  "icon": "minecraft:map",
  "start": {
    "title": {
      "text": "Une tâche impossible !"
    },
    "description": {
      "text": "Revenez quand vous aurez apprivoisé un éléphant..."
    }
  },
  "complete": {
    "title": {
      "text": "Merci !"
    },
    "description": {
      "text": "Hein. Vous l'avez réellement fait. Eh bien, j'ai entendu dire que ces créatures géantes adoraient les fleurs d'acacia. Ici, ne me demandez pas pourquoi je les ai."
    }
  },
  "tasks": [
    {
		"id": "afptweaks:advancement",
		"advancement": "alexsmobs:alexsmobs/tame_elephant"
    }
  ],
  "rewards": [
    {
      "item": {
        "item": "alexsmobs:acacia_blossom"
      },
      "id": "quest_giver:item",
      "times": 10
    },
    {
      "command": "/addreputation reputation:villager @p 1",
      "id": "quest_giver:command"
    }
  ]
}