{
  "parent": "quest_giver:quest_0021_01b",
  "reputation": 14,
  "icon": "minecraft:heart_of_the_sea",
  "start": {
    "title": {
      "text": "Donc ?"
    },
    "description": {
      "text": "Avez-vous obtenu un $(red)Coeur de la mer$() ?"
    }
  },
  "complete": {
    "title": {
      "text": "Merci !"
    },
    "description": {
      "text": "Ça a l'air... bizarre. Mais la plupart des choses venant de l'Océan sont de cette nature... Quoi qu'il en soit, merci beaucoup aventurier. Voici votre récompense."
    }
  },
  "tasks": [
    {
      "item": {
        "item": "minecraft:heart_of_the_sea"
      },
      "id": "quest_giver:gift",
      "times": 1
     }
  ],
  "rewards": [
    {
      "item": {
        "item": "minecraft:emerald"
      },
      "id": "quest_giver:item",
      "times": 2
    },
    {
      "command": "/addreputation reputation:village @p 4",
      "id": "quest_giver:command"
    },
    {
      "command": "/advancement grant @p only custom:trade_oceanographer",
      "id": "quest_giver:command"
    }
  ]
}