{
  "parent": "quest_giver:root",
  "reputation": 10,
  "icon": "minecraft:cod",
  "start": {
    "title": {
      "text": "Débloquer la canne à pêche"
    },
    "description": {
      "text": "Prêt à apprendre la pêche ? Trouvez-moi 15 émeraudes !"
    }
  },
  "complete": {
    "title": {
      "text": "Merci !"
    },
    "description": {
      "text": "Ce n'est pas si difficile, n'est-ce pas ? Mais ne vous balancez pas trop, vous feriez fuir les poissons."
    }
  },
  "tasks": [
    {
      "item": {
        "item": "minecraft:emerald"
      },
      "id": "quest_giver:gift",
      "times": 15
    }
  ],
  "rewards": [
    {
      "command": "/pmmo admin @p add fishing level 1",
      "id": "quest_giver:command"
    }
  ]
}