{
  "parent": "quest_giver:root",
  "reputation": 2,
  "icon": "minecraft:white_wool",
  "start": {
    "title": {
      "text": "Du blé s'il vous plaît !"
    },
    "description": {
      "text": "Avez-vous du $(red)blés$()? Il devrait y en avoir assez dans la ferme."
    }
  },
  "complete": {
    "title": {
      "text": "Merci !"
    },
    "description": {
      "text": "Merci. Je n'ai pas grand chose à te donner... accepterais-tu ces laines ?"
    }
  },
  "tasks": [
     {
      "item": {
	 "item": "minecraft:wheat"
      },
      "id": "quest_giver:gift",
      "times": 2
     }
  ],
  "rewards": [
    {
      "item": {
        "item": "minecraft:white_wool"
      },
      "id": "quest_giver:item",
      "times": 2
    },
    {
      "command": "/addreputation reputation:villager @p 1",
      "id": "quest_giver:command"
    },
    {
      "command": "/advancement grant @p only custom:trade_shepherd",
      "id": "quest_giver:command"
    }
  ]
}