{
  "parent": "quest_giver:quest_0069_01b",
  "reputation": 0,
  "icon": "minecraft:leather",
  "start": {
    "title": {
      "text": "Donc ?"
    },
    "description": {
      "text": "Avez-vous obtenu la $(red)peau de lapin$()? "
    }
  },
  "complete": {
    "title": {
      "text": "Merci !"
    },
    "description": {
      "text": "Merci, ces petits gars sont trop rapides pour que je puisse les attraper."
    }
  },
  "tasks": [
    {
      "item": {
        "item": "minecraft:rabbit_hide"
      },
      "id": "quest_giver:gift",
      "times": 1
    }
  ],
  "rewards": [
    {
      "command": "/advancement grant @p only custom:trade_leatherworker",
      "id": "quest_giver:command"
    },
    {
      "command": "/addreputation reputation:village @p 1",
      "id": "quest_giver:command"
    },
    {
      "item": {
        "item": "minecraft:emerald"
      },
      "id": "quest_giver:item",
      "times": 1
    }
  ]
}