{
	"parent": "quest_giver:root",
	"reputation": 24,
	"icon": "minecraft:stone",
	"start": {
		"title": {
			"text": "Pierres d'une autre dimension"
		},
		"description": {
			"text": "Avez-vous une $(red)pierre turquoise$() ?Vous pouvez les trouver dans la dimension Everbright."
		}
	},
	"complete": {
		"title": {
			"text": "Merci !"
		},
		"description": {
			"text": "hm... la qualité n'est... pas mauvaise. J'en ferai bon usage, merci !"
		}
	},
	"tasks": [{
		"item": {
			"item": "blue_skies:turquoise_stone"
		},
		"id": "quest_giver:gift",
		"times": 1
	}],
	"rewards": [{
			"command": "/advancement grant @p only custom:trade_mason",
			"id": "quest_giver:command"
		},
		{
			"command": "/addreputation reputation:village @p 2",
			"id": "quest_giver:command"
		},
		{
			"item": {
				"item": "minecraft:emerald"
			},
			"id": "quest_giver:item",
			"times": 1
		}
	]
}