{
  "parent": "quest_giver:root",
  "reputation": 24,
  "icon": "minecraft:iron_axe",
  "start": {
    "title": {
      "text": "Collecte de bûches"
    },
    "description": {
      "text": "As-tu un $(red)Crimson Wood Stem$()?"
    }
  },
  "complete": {
    "title": {
      "text": "Merci !"
    },
    "description": {
      "text": "Merci! Je n'ai pas d'émeraudes pour le moment... Voulez-vous prendre cette pioche en diamant ? Je viens de la faire il y a quelques heures."
    }
  },
  "tasks": [
     {
      "item": {
	 "item": "minecraft:crimson_stem"
      },
      "id": "quest_giver:gift",
      "times": 1
     }
  ],
  "rewards": [
    {
      "item": {
        "item": "minecraft:diamond_pickaxe"
      },
      "id": "quest_giver:item",
      "times": 1
    },
    {
      "command": "/addreputation reputation:village @p 2",
      "id": "quest_giver:command"
    },
    {
      "command": "/advancement grant @p only custom:trade_toolsmith",
      "id": "quest_giver:command"
    }
  ]
}