{
  "parent": "quest_giver:root",
  "reputation": 20,
  "icon": "minecraft:iron_ingot",
  "start": {
    "title": {
      "text": "Chasse aux esprits"
    },
    "description": {
      "text": "Les esprits se manifestent dans la dimension sous de nombreuses formes. Parfois, ils possèdent des objets, des épées et même des armures ! Voyez si vous pouvez traquer $(red)5 possédé...$(), peu importe comment vous l'appelez, et je vous donnerai une récompense pour votre bravoure. Comment ça sonne?"
    }
  }
}