{
  "parent": "quest_giver:root",
  "reputation": 10,
  "icon": "minecraft:cod",
  "start": {
    "title": {
      "text": "Alors ?"
    },
    "description": {
      "text": "10 émeraudes pour apprendre à utiliser la table d'archerie, c'est pas cher, non ?"
    }
  },
  "complete": {
    "title": {
      "text": "Merci bien !"
    },
    "description": {
      "text": "Voici ce que vous pouvez faire. Amusez-vous bien à faire des flèches !"
    }
  },
  "tasks": [
    {
      "item": {
        "item": "minecraft:emerald"
      },
      "id": "quest_giver:gift",
      "times": 10
    }
  ],
  "rewards": [
    {
      "command": "/pmmo admin @p add archery level 1",
      "id": "quest_giver:command"
    }
  ]
}