{
  "parent": "quest_giver:quest_0027_01b",
  "reputation": 20,
  "icon": "minecraft:iron_ingot",
  "start": {
    "title": {
      "text": "Chasse aux esprits"
    },
    "description": {
      "text": "Impossible de tuer les $(red)5 fantômes en Armure$() ? Eh bien, essayez plus fort, haha !"
    }
  },
  "complete": {
    "title": {
      "text": "Ici."
    },
    "description": {
      "text": "Haha, tu l'as vraiment fait ! Tu es fou, mais j'aime ça ! Tiens, prends ta récompense, c'est bien mérité !"
    }
  },
  "tasks": [ 
    {
      "entity": "dannys_expansion:hollow_armor",
      "id": "quest_giver:kill",
      "times": 5
    }
  ],
  "rewards": [
    {
      "item": {
        "item": "minecraft:emerald"
      },
      "id": "quest_giver:item",
      "times": 5
    },
    {
      "command": "/addreputation reputation:village @p 2",
      "id": "quest_giver:command"
    },
    {
      "command": "/advancement grant @p only custom:trade_armorer",
      "id": "quest_giver:command"
    }
  ]
}