{
  "parent": "quest_giver:root",
  "reputation": 0,
  "icon": "minecraft:poppy",
  "start": {
    "title": {
      "text": "Alors ?"
    },
    "description": {
      "text": "S'il vous plaît, donnez-moi un arc dès que possible."
    }
  },
  "complete": {
    "title": {
      "text": "Merci !"
    },
    "description": {
      "text": "Merci, je peux à nouveau chasser !"
    }
  },
  "tasks": [
     {
      "item": {
	 "item": "minecraft:bow"
      },
      "id": "quest_giver:gift",
      "times": 1
     }
  ],
  "rewards": [
    {
      "command": "/advancement grant @p only custom:trade_hunter",
      "id": "quest_giver:command"
    },
    {
      "command": "/addreputation reputation:villager @p 1",
      "id": "quest_giver:command"
    },
    {
      "item": {
        "item": "minecraft:rabbit_foot"
      },
      "id": "quest_giver:item",
      "times": 2
    }
  ]
}