{
  "parent": "quest_giver:root",
  "reputation": 3,
  "icon": "minecraft:redstone",
  "start": {
    "title": {
      "text": "Alors ?"
    },
    "description": {
      "text": "Avez-vous obtenu la $(red)clé et levier en cuivre$()?"
    }
  },
  "complete": {
    "title": {
      "text": "Merci !"
    },
    "description": {
      "text": "Merci, pour votre peine."
    }
  },
  "tasks": [
    {
      "item": {
        "item": "supplementaries:wrench"
      },
      "id": "quest_giver:gift",
      "times": 1
    },
    {
      "item": {
        "item": "minecraft:lever"
      },
      "id": "quest_giver:gift",
      "times": 1
    }
  ],
  "rewards": [
    {
      "item": {
        "item": "minecraft:emerald"
      },
      "id": "quest_giver:item",
      "times": 1
    },
    {
      "command": "/advancement grant @p only custom:trade_engineer",
      "id": "quest_giver:command"
    },
    {
      "command": "/addreputation reputation:village @p 1",
      "id": "quest_giver:command"
    }
  ]
}