{
  "parent": "quest_giver:root",
  "reputation": 10,
  "icon": "minecraft:map",
  "start": {
    "title": {
      "text": "Une faveur"
    },
    "description": {
      "text": "Salut! Avez-vous reçu le sac d'encre de seiche et le papier que j'avais demandés ? J'ai besoin d'un seul de chaque."
    }
  },
  "complete": {
    "title": {
      "text": "Merci !"
    },
    "description": {
      "text": "Ici, explorez et remplissez cette carte."
    }
  },
  "tasks": [
    {
      "item": {
        "item": "minecraft:ink_sac"
      },
      "id": "quest_giver:gift",
      "times": 1
    },
    {
      "item": {
        "item": "minecraft:paper"
      },
      "id": "quest_giver:gift",
      "times": 1
    }
  ],
  "rewards": [
    {
      "item": {
        "item": "minecraft:map"
      },
      "id": "quest_giver:item",
      "times": 1
    },
    {
      "command": "/addreputation reputation:village @p 1",
      "id": "quest_giver:command"
    }
  ]
}