{
  "parent": "quest_giver:root",
  "reputation": 25,
  "icon": "minecraft:brewing_stand",
  "start": {
    "title": {
      "text": "Alors ?"
    },
    "description": {
      "text": "J'ai besoin de votre aide pour récupérer un chapeau de sorcière, n'importe qui ferait l'affaire. Les sorcières le lâchent rarement."
    }
  },
  "complete": {
    "title": {
      "text": "Merci !"
    },
    "description": {
      "text": "IDIOT! MAINTENANT, APPORTONS LA MORT À CE VILLAGE ! JE PRENDS GLOIRE DE MON SACRIFICE SI CELA SIGNIFIE METTRE À SA FIN CE VILLAGE !"
    }
  },
  "tasks": [
    {
      "item": {
        "item": "biomemakeover:witch_hat"
      },
      "id": "quest_giver:gift",
      "times": 1
    }
  ],
  "rewards": [
    {
      "command": "/advancement grant @p only custom:tricked/tricked",
      "id": "quest_giver:command"
    },
    {
      "command": "/execute as @a[advancements={custom:tricked/tricked=true},sort=nearest,limit=1] run function witch:start_witch_raid",
      "id": "quest_giver:command"
    }
  ]
}