{
  "parent": "quest_giver:quest_0048_01",
  "reputation": 25,
  "icon": "minecraft:brewing_stand",
  "start": {
    "title": {
      "text": "Alors ?"
    },
    "description": {
      "text": "HAHAHAHA ! PLUIE DE POISON SUR EUX !"
    }
  },
  "complete": {
    "title": {
      "text": "Merci !"
    },
    "description": {
      "text": "Eh bien, super travail. Tu es un tel héros. C'est ce que tu voulais entendre ?"
    }
  },
  "tasks": [
    {
		"id": "afptweaks:advancement",
		"advancement": "custom:begone_witch/begone_witch"
    }
  ],
  "rewards": [
    {
      "command": "/advancement revoke @p only custom:tricked/tricked",
      "id": "quest_giver:command"
    },
    {
      "item": {
        "item": "minecraft:dirt"
      },
      "id": "quest_giver:item",
      "times": 1
    }
  ]
}