{
  "parent": "quest_giver:quest_0048_03b",
  "reputation": 25,
  "icon": "minecraft:brewing_stand",
  "start": {
    "title": {
      "text": "Alors ?"
    },
    "description": {
      "text": "Tuez 3 gardes du village et revenez me voir. Ne laissez pas les autres vous voir. Si votre réputation devient trop mauvaise, je ne vous parlerai pas... Pour des raisons évidentes."
    }
  },
  "complete": {
    "title": {
      "text": "Merci !"
    },
    "description": {
      "text": "Hahaha... Espèce d'homme ignoble."
    }
  },
  "tasks": [
    {
      "entity": "guardvillagers:guard",
      "id": "quest_giver:kill",
      "times": 3
    }
  ],
  "rewards": [
    {
      "command": "/pmmo admin @p add slayer level 1",
      "id": "quest_giver:command"
    }
  ]
}