{
  "parent": "quest_giver:root",
  "reputation": 15,
  "icon": "minecraft:map",
  "start": {
    "title": {
      "text": "Une tâche impossible !"
    },
    "description": {
      "text": "Je veux que vous accomplissiez 2 tâches : Recevoir la bénédiction du noble oiseau solaire (sunbird_blessing) et invoquer un golem des neiges mutant. Ensuite, j'envisagerai de vous confier l'Agonie."
    }
  },
  "complete": {
    "title": {
      "text": "Merci !"
    },
    "description": {
      "text": "Remarquable ! Prenez-le. Son ancien porteur est tombé aux mains de bêtes féroces. Puisse votre destin diverger du sien."
    }
  },
  "tasks": [
    {
		"id": "afptweaks:advancement",
		"advancement": "mutantmonsters:frosty_the_snow_golem"
    },
    {
		"id": "afptweaks:advancement",
		"advancement": "alexsmobs:alexsmobs/sunbird_blessing"
    }
  ],
  "rewards": [
    {
      "item": {
        "item": "wom:agony"
      },
      "id": "quest_giver:item",
      "times": 1
    }
  ]
}