{
  "parent": "quest_giver:quest_0124_01b",
  "reputation": 15,
  "icon": "minecraft:map",
  "start": {
    "title": {
      "text": "Une tâche impossible !"
    },
    "description": {
      "text": "Avez-vous déjà reçu la bénédiction de l'Orque ?"
    }
  },
  "complete": {
    "title": {
      "text": "Merci !"
    },
    "description": {
      "text": "Intéressant... alors c'est comme ça que ça se passe. Vous êtes un homme fascinant. Je suis content d'être tombé sur toi ! Maintenant, je dois partir... Que Dieu vous préserve."
    }
  },
  "tasks": [
    {
		"id": "afptweaks:advancement",
		"advancement": "alexsmobs:alexsmobs/orcas_might"
    }
  ],
  "rewards": [
   {
      "command": "/loot give @p loot minecraft:hunter1",
      "id": "quest_giver:command"
    },
    {
      "command": "/addreputation reputation:village @p 3",
      "id": "quest_giver:command"
    }
  ]
}