{
	"parent": "quest_giver:root",
	"reputation": 15,
	"icon": "minecraft:iron_sword",
	"start": {
		"title": {
			"text": "Alors ?"
		},
		"description": {
			"text": "D'accord, je peux vous apprendre la compétence Ender Obscuris pour 20 émeraudes. Tu es prêt pour ça ?"
		}
	},
	"complete": {
		"title": {
			"text": "Merci !"
		},
		"description": {
			"text": "Et voilà. Ne l'utilisez pas pour effrayer les villageois, attention !"
		}
	},
	"tasks": [{
		"item": {
			"item": "minecraft:emerald"
		},
      "id": "quest_giver:gift",
      "times": 20
	}],
	"rewards": [{
		"command": "give @p epicfight:skillbook{skill:\"wom:ender_obscuris\"}",
		"id": "quest_giver:command"
	}]
}