{
  "parent": "quest_giver:quest_0056_01b",
  "reputation": 14,
  "icon": "minecraft:cod",
  "start": {
    "title": {
      "text": "Une demande curieuse"
    },
    "description": {
      "text": "Trouvé n'importe quel $(red)grands gardiens$()? et donnez-moi leur pointes."
    }
  },
  "complete": {
    "title": {
      "text": "Merci !"
    },
    "description": {
      "text": "C'est... extraordinaire. L'océan est plein de mystère... J'ai aussi entendu des histoires de calmars géants, je suppose que ce serait également vrai. Quoi qu'il en soit, voici votre récompense. Merci pour ça."
    }
  },
  "tasks": [
    {
      "item": {
        "item": "progressivebosses:elder_guardian_spike"
      },
      "id": "quest_giver:gift",
      "times": 1
    }
  ],
  "rewards": [
    {
      "command": "/addreputation reputation:village @p 2",
      "id": "quest_giver:command"
    },
    {
      "item": {
        "item": "minecraft:emerald"
      },
      "id": "quest_giver:item",
      "times": 5
    }
  ]
}